timestamp,jetson_vdd_cpu_gpu_cv_mw,jetson_gpu_usage_percent,jetson_board_temperature_celsius,jetson_vdd_in_mw,jetson_cpu_usage_percent,jetson_ram_usage_mb
2025-01-13 20:19:00,478,0,37.83283333333333,4592,0.5,5984
2025-01-13 20:19:01,478,5,37.73933333333333,4592,0.8333333333333334,5984
2025-01-13 20:19:02,478,0,37.76500000000001,4592,0.6666666666666666,5984
2025-01-13 20:19:03,478,0,37.838166666666666,4585,0.5,5984
2025-01-13 20:19:04,478,0,37.786166666666674,4592,0.8333333333333334,5984
2025-01-13 20:19:05,478,0,37.77033333333333,4592,0.6666666666666666,5984
2025-01-13 20:19:06,478,0,37.807,4545,0.8333333333333334,5984
2025-01-13 20:19:07,478,0,37.86416666666667,4592,0.6666666666666666,5985
2025-01-13 20:19:08,478,0,37.87966666666667,4552,0.3333333333333333,5985
2025-01-13 20:19:09,478,0,37.79133333333333,4552,0.6666666666666666,5985
2025-01-13 20:19:10,478,0,37.79133333333333,4545,0.5,5985
2025-01-13 20:19:11,478,0,37.7965,4585,1.1666666666666667,5985
2025-01-13 20:19:12,478,0,37.838166666666666,4552,0.5,5985
2025-01-13 20:19:13,478,0,37.85383333333333,4545,0.5,5985
2025-01-13 20:19:14,438,0,37.87466666666666,4552,0.6666666666666666,5985
2025-01-13 20:19:15,478,0,37.76,4552,0.5,5985
2025-01-13 20:19:16,438,0,37.833,4545,0.3333333333333333,5985
2025-01-13 20:19:17,438,0,37.85366666666667,4552,0.5,5985
2025-01-13 20:19:18,478,0,37.80183333333333,4545,0.8333333333333334,5985
2025-01-13 20:19:19,438,0,37.900666666666666,4545,0.5,5986
2025-01-13 20:19:20,438,0,37.93716666666666,4545,0.6666666666666666,5986
2025-01-13 20:19:21,438,0,37.95783333333333,4545,0.5,5986
2025-01-13 20:19:22,478,0,37.786166666666674,4545,0.6666666666666666,5986
2025-01-13 20:19:23,438,0,37.90616666666667,4545,0.5,5986
2025-01-13 20:19:24,438,0,37.96833333333333,4545,0.5,5986
2025-01-13 20:19:25,478,0,37.775666666666666,4545,0.5,5986
2025-01-13 20:19:26,438,0,37.8175,4552,0.8333333333333334,5986
2025-01-13 20:19:27,438,0,37.95783333333333,4545,0.3333333333333333,5986
2025-01-13 20:19:28,438,0,37.94233333333333,4545,0.8333333333333334,5986
2025-01-13 20:19:29,438,0,37.95283333333333,4545,0.8333333333333334,5986
2025-01-13 20:19:30,438,0,37.785833333333336,4545,0.3333333333333333,5986
2025-01-13 20:19:31,438,0,37.900666666666666,4545,0.5,5987
2025-01-13 20:19:32,478,0,37.775666666666666,4545,0.6666666666666666,5987
2025-01-13 20:19:33,478,0,37.78083333333333,4545,0.5,5987
2025-01-13 20:19:34,438,0,37.791500000000006,4545,0.5,5987
2025-01-13 20:19:35,478,0,37.838166666666666,4545,0.5,5987
2025-01-13 20:19:36,438,0,37.79133333333333,4545,0.6666666666666666,5987
2025-01-13 20:19:37,438,0,37.82783333333333,4545,0.5,5987
2025-01-13 20:19:38,438,0,37.95783333333333,4545,0.6666666666666666,5987
2025-01-13 20:19:39,438,0,37.8225,4552,0.6666666666666666,5987
2025-01-13 20:19:40,438,0,37.828,4545,0.8333333333333334,5988
2025-01-13 20:19:41,438,0,37.89033333333334,4545,0.8333333333333334,5988
2025-01-13 20:19:42,478,0,37.890166666666666,4552,0.6666666666666666,5988
2025-01-13 20:19:43,438,0,37.83833333333334,4552,0.6666666666666666,5988
2025-01-13 20:19:44,438,0,37.90583333333333,4552,0.5,5988
2025-01-13 20:19:45,438,0,37.82750000000001,4552,0.8333333333333334,5988
2025-01-13 20:19:46,438,0,37.72883333333333,4552,0.5,5989
2025-01-13 20:19:47,438,0,37.80683333333334,4552,0.5,5989
2025-01-13 20:19:48,438,0,37.916,4552,0.8333333333333334,5989
2025-01-13 20:19:49,438,0,37.79633333333334,4545,0.6666666666666666,5989
2025-01-13 20:19:50,438,0,37.98416666666666,4545,0.5,5989
2025-01-13 20:19:51,438,0,37.838,4545,0.6666666666666666,5989
2025-01-13 20:19:52,438,0,37.8175,4552,0.3333333333333333,5989
2025-01-13 20:19:53,438,0,37.864333333333335,4552,0.6666666666666666,5989
2025-01-13 20:19:54,438,0,37.900666666666666,4552,0.5,5989
2025-01-13 20:19:55,438,0,37.90566666666667,4552,0.6666666666666666,5989
2025-01-13 20:19:56,438,0,37.843500000000006,4552,0.5,5989
2025-01-13 20:19:57,438,0,37.82783333333333,4552,0.5,5989
2025-01-13 20:19:58,438,0,37.86916666666667,4545,0.5,5989
2025-01-13 20:19:59,438,0,37.86933333333334,4545,0.6666666666666666,5989
2025-01-13 20:20:00,478,0,37.890166666666666,4545,0.3333333333333333,5983
2025-01-13 20:20:01,438,0,37.874500000000005,4545,0.8333333333333334,5984
2025-01-13 20:20:02,438,0,37.874500000000005,4545,0.6666666666666666,5984
2025-01-13 20:20:03,438,0,37.8955,4545,0.6666666666666666,5984
2025-01-13 20:20:04,438,0,37.7915,4552,0.6666666666666666,5984
2025-01-13 20:20:05,438,0,37.81733333333333,4552,0.6666666666666666,5984
2025-01-13 20:20:06,438,0,37.885333333333335,4545,0.3333333333333333,5984
2025-01-13 20:20:07,438,0,37.9685,4545,0.5,5984
2025-01-13 20:20:08,438,0,37.82783333333333,4545,0.8333333333333334,5984
2025-01-13 20:20:09,438,0,37.8535,4545,1.0,5984
2025-01-13 20:20:10,438,0,37.8435,4545,0.5,5983
2025-01-13 20:20:11,478,0,37.97366666666667,4545,1.5,5984
2025-01-13 20:20:12,438,0,37.812000000000005,4545,0.8333333333333334,5985
2025-01-13 20:20:13,438,0,37.8225,4545,0.6666666666666666,5987
2025-01-13 20:20:14,438,0,37.86416666666667,4545,1.0,5987
2025-01-13 20:20:15,478,0,37.76,4552,1.1666666666666667,5987
2025-01-13 20:20:16,438,0,37.85366666666667,4552,0.3333333333333333,5987
2025-01-13 20:20:17,438,0,37.91116666666667,4552,0.8333333333333334,5987
2025-01-13 20:20:18,438,0,37.78066666666667,4552,0.5,5987
2025-01-13 20:20:19,438,0,37.77033333333333,4552,0.6666666666666666,5987
2025-01-13 20:20:20,438,0,37.874500000000005,4545,0.3333333333333333,5987
2025-01-13 20:20:21,438,0,37.81716666666667,4505,0.3333333333333333,5987
2025-01-13 20:20:22,438,0,37.78116666666667,4545,0.8333333333333334,5987
2025-01-13 20:20:23,438,0,37.7915,4545,0.5,5987
2025-01-13 20:20:24,438,0,37.932,4552,0.6666666666666666,5987
2025-01-13 20:20:25,438,0,37.83316666666667,4552,0.8333333333333334,5987
2025-01-13 20:20:26,438,0,37.83833333333333,4545,0.5,5988
2025-01-13 20:20:27,438,0,37.885,4545,0.6666666666666666,5988
2025-01-13 20:20:28,438,0,37.83833333333333,4545,0.5,5988
2025-01-13 20:20:29,438,0,37.86933333333334,4545,0.6666666666666666,5988
2025-01-13 20:20:30,438,0,37.80166666666667,4545,0.5,5988
2025-01-13 20:20:31,438,0,37.83833333333333,4552,0.8333333333333334,5988
2025-01-13 20:20:32,438,0,37.87466666666666,4545,0.3333333333333333,5988
2025-01-13 20:20:33,438,0,37.78066666666667,4545,0.6666666666666666,5988
2025-01-13 20:20:34,438,0,37.874500000000005,4545,0.8333333333333334,5988
2025-01-13 20:20:35,438,0,37.953,4545,1.0,5988
2025-01-13 20:20:36,438,0,37.92666666666667,4545,0.5,5988
2025-01-13 20:20:37,438,0,37.80683333333334,4552,0.5,5988
2025-01-13 20:20:38,438,0,37.900666666666666,4545,0.5,5988
2025-01-13 20:20:39,438,0,37.900666666666666,4545,0.5,5988
2025-01-13 20:20:40,438,0,37.952666666666666,4552,0.3333333333333333,5988
2025-01-13 20:20:41,438,0,37.89566666666667,4552,0.6666666666666666,5988
2025-01-13 20:20:42,438,0,37.82233333333334,4545,0.5,5989
2025-01-13 20:20:43,438,0,37.86950000000001,4552,1.0,5989
2025-01-13 20:20:44,438,0,37.80183333333333,4552,0.6666666666666666,5989
2025-01-13 20:20:45,438,0,37.93716666666668,4552,0.5,5989
2025-01-13 20:20:46,438,0,37.8955,4545,0.8333333333333334,5989
2025-01-13 20:20:47,438,0,37.958,4545,0.5,5989
2025-01-13 20:20:48,478,0,37.8955,4545,0.6666666666666666,5989
2025-01-13 20:20:49,478,0,37.88483333333334,4592,0.6666666666666666,5989
2025-01-13 20:20:50,478,0,37.86933333333334,4552,0.5,5989
2025-01-13 20:20:51,438,0,37.8175,4552,0.6666666666666666,5989
2025-01-13 20:20:52,438,0,37.906000000000006,4552,0.8333333333333334,5989
2025-01-13 20:20:53,438,0,37.83283333333333,4545,0.6666666666666666,5989
2025-01-13 20:20:54,438,0,37.80183333333334,4552,0.6666666666666666,5989
2025-01-13 20:20:55,438,0,37.859,4552,0.5,5989
2025-01-13 20:20:56,438,0,37.854000000000006,4552,0.5,5989
2025-01-13 20:20:57,438,0,37.8385,4552,0.5,5989
2025-01-13 20:20:58,438,0,37.87983333333333,4552,0.6666666666666666,5989
2025-01-13 20:20:59,438,0,37.92133333333334,4552,0.5,5990
2025-01-13 20:21:00,438,0,37.87466666666666,4552,0.6666666666666666,5990
2025-01-13 20:21:01,438,0,37.926833333333335,4552,0.6666666666666666,5989
2025-01-13 20:21:02,438,0,37.86933333333334,4545,0.6666666666666666,5989
2025-01-13 20:21:03,438,0,37.86966666666667,4552,0.5,5989
2025-01-13 20:21:04,438,0,37.932,4552,0.8333333333333334,5989
2025-01-13 20:21:05,438,0,37.8485,4552,0.3333333333333333,5989
2025-01-13 20:21:06,438,0,37.89566666666666,4545,0.5,5989
2025-01-13 20:21:07,438,0,37.91116666666667,4545,0.5,5989
2025-01-13 20:21:08,438,0,37.72883333333333,4545,0.3333333333333333,5989
2025-01-13 20:21:09,478,0,37.81216666666666,4545,0.8333333333333334,5989
2025-01-13 20:21:10,438,0,37.87466666666666,4545,0.6666666666666666,5989
2025-01-13 20:21:11,438,0,37.937333333333335,4552,0.6666666666666666,5989
2025-01-13 20:21:12,478,0,37.864,4552,1.0,5984
2025-01-13 20:21:13,478,0,37.84333333333333,4545,0.5,5985
2025-01-13 20:21:14,438,0,37.80166666666667,4552,0.5,5985
2025-01-13 20:21:15,478,0,37.8225,4552,0.5,5985
2025-01-13 20:21:16,438,0,37.937000000000005,4545,0.5,5985
2025-01-13 20:21:17,438,0,37.906,4552,0.8333333333333334,5985
2025-01-13 20:21:18,478,0,37.93716666666668,4552,0.6666666666666666,5985
2025-01-13 20:21:19,438,0,37.86966666666667,4552,0.5,5985
2025-01-13 20:21:20,478,0,37.77583333333333,4545,0.8333333333333334,5985
2025-01-13 20:21:21,478,0,37.81716666666667,4552,0.3333333333333333,5985
2025-01-13 20:21:22,438,0,37.93716666666666,4545,0.3333333333333333,5983
2025-01-13 20:21:23,478,0,37.98916666666667,4545,0.5,5984
2025-01-13 20:21:24,478,0,37.916,4592,1.0,5984
2025-01-13 20:21:25,478,0,37.81216666666666,4592,0.6666666666666666,5984
2025-01-13 20:21:26,478,0,37.827666666666666,4552,0.5,5984
2025-01-13 20:21:27,478,0,37.88516666666667,4552,0.5,5984
2025-01-13 20:21:28,478,0,37.833,4552,0.5,5984
2025-01-13 20:21:29,478,0,37.7965,4552,0.5,5984
2025-01-13 20:21:30,478,0,37.85883333333334,4552,0.6666666666666666,5984
2025-01-13 20:21:31,478,0,37.911166666666674,4552,0.6666666666666666,5985
2025-01-13 20:21:32,478,0,37.8225,4545,0.5,5985
2025-01-13 20:21:33,478,0,37.82266666666666,4552,0.3333333333333333,5985
2025-01-13 20:21:34,478,0,37.88516666666667,4545,0.6666666666666666,5985
2025-01-13 20:21:35,478,0,37.87466666666666,4545,0.3333333333333333,5985
2025-01-13 20:21:36,478,0,37.87983333333333,4552,0.5,5985
2025-01-13 20:21:37,478,0,37.82233333333334,4545,0.6666666666666666,5985
2025-01-13 20:21:38,478,0,37.864333333333335,4552,0.5,5985
2025-01-13 20:21:39,438,0,37.74416666666667,4552,0.5,5985
2025-01-13 20:21:40,478,0,37.89533333333333,4552,0.5,5986
2025-01-13 20:21:41,478,0,37.84866666666667,4545,0.3333333333333333,5986
2025-01-13 20:21:42,478,0,37.88516666666667,4552,0.6666666666666666,5986
2025-01-13 20:21:43,478,0,37.85366666666667,4545,0.6666666666666666,5986
2025-01-13 20:21:44,478,0,37.7965,4552,0.5,5986
2025-01-13 20:21:45,478,0,37.7915,4552,0.5,5986
2025-01-13 20:21:46,438,0,37.94216666666667,4552,0.5,5986
2025-01-13 20:21:47,478,0,37.83833333333333,4545,0.6666666666666666,5986
2025-01-13 20:21:48,478,0,37.8175,4545,0.6666666666666666,5986
2025-01-13 20:21:49,478,0,37.92666666666667,4545,0.5,5986
2025-01-13 20:21:50,478,0,37.95783333333333,4545,0.5,5986
2025-01-13 20:21:51,478,0,37.81216666666666,4552,0.5,5986
2025-01-13 20:21:52,438,0,37.82266666666666,4545,0.5,5986
2025-01-13 20:21:53,478,0,37.9735,4545,0.5,5986
2025-01-13 20:21:54,478,0,37.95283333333334,4545,0.6666666666666666,5986
2025-01-13 20:21:55,478,0,37.95250000000001,4545,0.5,5986
2025-01-13 20:21:56,438,0,37.87466666666666,4545,0.5,5986
2025-01-13 20:21:57,478,0,37.9785,4545,0.6666666666666666,5986
2025-01-13 20:21:58,478,0,37.968500000000006,4545,0.5,5986
2025-01-13 20:21:59,478,0,37.958,4545,0.3333333333333333,5986
2025-01-13 20:22:00,478,0,37.906,4545,0.6666666666666666,5986
2025-01-13 20:22:01,478,0,37.88483333333334,4545,0.5,5987
2025-01-13 20:22:02,478,0,37.88,4545,0.5,5987
2025-01-13 20:22:03,478,0,37.89533333333333,4552,0.3333333333333333,5987
2025-01-13 20:22:04,478,0,37.83283333333333,4552,0.6666666666666666,5987
2025-01-13 20:22:05,478,0,37.91116666666667,4545,0.5,5987
2025-01-13 20:22:06,438,0,37.9425,4545,0.5,5987
2025-01-13 20:22:07,438,0,37.9425,4545,0.3333333333333333,5988
2025-01-13 20:22:08,478,0,37.84866666666667,4545,0.8333333333333334,5988
2025-01-13 20:22:09,478,0,37.80166666666667,4552,0.6666666666666666,5988
2025-01-13 20:22:10,438,0,37.82783333333333,4545,0.3333333333333333,5988
2025-01-13 20:22:11,478,0,37.90583333333333,4545,1.0,5988
2025-01-13 20:22:12,478,0,37.9735,4545,1.5,5988
2025-01-13 20:22:13,438,0,37.89516666666668,4552,0.6666666666666666,5988
2025-01-13 20:22:14,438,0,37.83316666666667,4552,0.8333333333333334,5988
2025-01-13 20:22:15,438,0,37.9735,4552,0.5,5988
2025-01-13 20:22:16,478,0,37.937333333333335,4592,1.8333333333333333,5988
2025-01-13 20:22:17,438,0,37.91616666666667,4545,0.5,5988
2025-01-13 20:22:18,438,0,37.900666666666666,4545,0.8333333333333334,5988
2025-01-13 20:22:19,438,0,37.968500000000006,4545,0.3333333333333333,5988
2025-01-13 20:22:20,438,0,37.958,4545,0.5,5988
2025-01-13 20:22:21,438,0,37.84333333333333,4545,0.5,5988
2025-01-13 20:22:22,438,0,37.9215,4552,0.1666666666666666,5988
2025-01-13 20:22:23,438,0,37.932,4552,1.0,5982
2025-01-13 20:22:24,438,0,37.9425,4552,0.8333333333333334,5984
2025-01-13 20:22:25,438,0,37.89566666666667,4552,0.3333333333333333,5984
2025-01-13 20:22:26,438,0,37.900666666666666,4552,0.5,5984
2025-01-13 20:22:27,438,0,37.952666666666666,4545,0.5,5984
2025-01-13 20:22:28,438,0,37.833,4552,0.5,5984
2025-01-13 20:22:29,438,0,37.921666666666674,4545,0.3333333333333333,5984
2025-01-13 20:22:30,438,0,37.874500000000005,4545,0.8333333333333334,5984
2025-01-13 20:22:31,438,0,37.9475,4545,0.8333333333333334,5984
2025-01-13 20:22:32,438,0,37.85366666666667,4545,0.1666666666666666,5984
2025-01-13 20:22:33,438,0,37.979000000000006,4545,0.8333333333333334,5983
2025-01-13 20:22:34,478,0,37.92666666666667,4545,0.8333333333333334,5984
2025-01-13 20:22:35,438,0,37.8435,4545,1.0,5984
2025-01-13 20:22:36,438,0,37.984166666666674,4552,0.5,5984
2025-01-13 20:22:37,438,0,37.984166666666674,4545,0.8333333333333334,5984
2025-01-13 20:22:38,438,0,37.98933333333333,4545,0.6666666666666666,5984
2025-01-13 20:22:39,438,0,37.89533333333333,4552,0.5,5984
2025-01-13 20:22:40,438,0,37.87466666666666,4545,0.8333333333333334,5985
2025-01-13 20:22:41,438,0,37.90583333333333,4545,0.6666666666666666,5985
2025-01-13 20:22:42,438,0,37.8175,4545,0.5,5985
2025-01-13 20:22:43,438,0,37.911,4545,0.6666666666666666,5985
2025-01-13 20:22:44,438,0,37.88516666666666,4545,0.5,5985
2025-01-13 20:22:45,438,0,37.85383333333334,4545,0.8333333333333334,5985
2025-01-13 20:22:46,438,0,37.86416666666667,4545,0.3333333333333333,5985
2025-01-13 20:22:47,438,0,37.80183333333334,4545,0.6666666666666666,5985
2025-01-13 20:22:48,438,0,37.89033333333334,4545,0.6666666666666666,5985
2025-01-13 20:22:49,438,0,37.854000000000006,4545,0.5,5986
2025-01-13 20:22:50,438,0,37.97866666666667,4545,0.5,5986
2025-01-13 20:22:51,438,0,37.859,4545,0.6666666666666666,5986
2025-01-13 20:22:52,438,0,37.8485,4545,0.5,5986
2025-01-13 20:22:53,438,0,37.9215,4545,0.5,5986
2025-01-13 20:22:54,438,0,37.932,4545,0.6666666666666666,5986
2025-01-13 20:22:55,438,0,37.8225,4545,0.3333333333333333,5986
2025-01-13 20:22:56,438,0,37.827666666666666,4545,0.6666666666666666,5986
2025-01-13 20:22:57,438,0,37.87983333333333,4545,0.3333333333333333,5986
2025-01-13 20:22:58,438,0,37.963166666666666,4545,0.3333333333333333,5987
2025-01-13 20:22:59,438,0,37.807,4545,0.8333333333333334,5987
2025-01-13 20:23:00,438,0,37.90583333333333,4545,0.6666666666666666,5987
2025-01-13 20:23:01,438,0,37.95816666666666,4545,0.8333333333333334,5987
2025-01-13 20:23:02,438,0,37.88483333333334,4545,0.6666666666666666,5987
2025-01-13 20:23:03,438,0,37.828,4545,0.5,5987
2025-01-13 20:23:04,438,0,37.87466666666666,4545,0.3333333333333333,5987
2025-01-13 20:23:05,438,0,37.87466666666666,4545,0.3333333333333333,5987
2025-01-13 20:23:06,438,0,37.93683333333334,4545,0.6666666666666666,5987
2025-01-13 20:23:07,438,0,37.91116666666667,4545,0.6666666666666666,5987
2025-01-13 20:23:08,438,0,37.86933333333334,4545,0.5,5987
2025-01-13 20:23:09,438,0,37.92666666666667,4552,0.8333333333333334,5987
2025-01-13 20:23:10,438,0,37.83833333333333,4545,0.8333333333333334,5987
2025-01-13 20:23:11,438,0,37.8435,4552,0.5,5987
2025-01-13 20:23:12,438,0,37.95783333333333,4552,0.6666666666666666,5987
2025-01-13 20:23:13,438,0,38.031,4552,0.6666666666666666,5987
2025-01-13 20:23:14,438,0,37.874833333333335,4552,0.5,5987
2025-01-13 20:23:15,438,0,37.87966666666667,4545,0.3333333333333333,5987
2025-01-13 20:23:16,438,0,38.00483333333333,4552,0.3333333333333333,5988
2025-01-13 20:23:17,438,0,37.97366666666667,4552,0.3333333333333333,5988
2025-01-13 20:23:18,438,0,37.859,4545,0.5,5988
2025-01-13 20:23:19,438,0,37.984166666666674,4545,0.5,5988
2025-01-13 20:23:20,438,0,37.85383333333333,4552,0.5,5988
2025-01-13 20:23:21,438,0,37.87983333333333,4545,0.8333333333333334,5988
2025-01-13 20:23:22,438,0,37.89566666666666,4545,0.5,5988
2025-01-13 20:23:23,438,0,37.9265,4545,0.3333333333333333,5988
2025-01-13 20:23:24,438,0,37.838166666666666,4552,0.5,5988
2025-01-13 20:23:25,438,0,37.90583333333333,4552,0.5,5988
2025-01-13 20:23:26,438,0,37.916500000000006,4552,0.6666666666666666,5988
2025-01-13 20:23:27,438,0,37.770500000000006,4552,0.5,5988
2025-01-13 20:23:28,438,0,37.84866666666667,4552,0.5,5988
2025-01-13 20:23:29,438,0,37.88,4552,0.8333333333333334,5989
2025-01-13 20:23:30,438,0,37.9685,4552,0.3333333333333333,5989
2025-01-13 20:23:31,438,0,37.87983333333333,4552,0.6666666666666666,5989
2025-01-13 20:23:32,438,0,37.833,4552,0.6666666666666666,5989
2025-01-13 20:23:33,438,0,37.885,4545,0.3333333333333333,5989
2025-01-13 20:23:34,438,0,37.90583333333333,4552,0.8333333333333334,5989
2025-01-13 20:23:35,438,0,37.953,4552,0.3333333333333333,5983
2025-01-13 20:23:36,438,0,37.87983333333333,4552,0.8333333333333334,5985
2025-01-13 20:23:37,438,0,38.03066666666667,4552,0.5,5985
2025-01-13 20:23:38,478,0,37.911,4545,0.5,5985
2025-01-13 20:23:39,478,0,37.963,4552,0.5,5985
2025-01-13 20:23:40,478,0,37.96333333333334,4545,0.5,5985
2025-01-13 20:23:41,478,0,37.91133333333334,4545,0.6666666666666666,5985
2025-01-13 20:23:42,478,0,37.96866666666667,4545,0.6666666666666666,5985
2025-01-13 20:23:43,478,0,37.87983333333333,4552,0.6666666666666666,5985
2025-01-13 20:23:44,478,0,37.99433333333334,4552,0.5,5985
2025-01-13 20:23:45,478,0,38.03066666666667,4552,0.5,5985
2025-01-13 20:23:46,478,0,37.874500000000005,4552,0.5,5983
2025-01-13 20:23:47,478,0,37.88,4552,0.3333333333333333,5983
2025-01-13 20:23:48,478,0,38.00466666666667,4545,0.6666666666666666,5983
2025-01-13 20:23:49,478,0,37.95816666666667,4545,0.5,5983
2025-01-13 20:23:50,478,0,37.86416666666667,4552,0.5,5983
2025-01-13 20:23:51,478,0,37.906,4545,0.6666666666666666,5983
2025-01-13 20:23:52,478,0,38.031,4545,0.5,5984
2025-01-13 20:23:53,478,0,38.00466666666667,4545,0.5,5984
2025-01-13 20:23:54,478,0,38.02583333333333,4545,0.6666666666666666,5984
2025-01-13 20:23:55,438,0,37.94233333333333,4545,0.5,5984
2025-01-13 20:23:56,478,0,37.8955,4552,0.6666666666666666,5984
2025-01-13 20:23:57,478,0,37.87966666666667,4545,0.5,5984
2025-01-13 20:23:58,478,0,37.885,4545,0.6666666666666666,5984
2025-01-13 20:23:59,478,0,37.91633333333333,4545,0.6666666666666666,5984
2025-01-13 20:24:00,478,0,37.89533333333333,4545,0.3333333333333333,5984
2025-01-13 20:24:01,478,0,37.92666666666667,4585,0.6666666666666666,5985
2025-01-13 20:24:02,478,0,37.885,4545,0.6666666666666666,5985
2025-01-13 20:24:03,478,0,37.8905,4545,0.3333333333333333,5985
2025-01-13 20:24:04,438,0,37.9425,4552,0.3333333333333333,5985
2025-01-13 20:24:05,478,0,37.827666666666666,4552,0.6666666666666666,5985
2025-01-13 20:24:06,478,0,37.91616666666667,4552,0.6666666666666666,5985
2025-01-13 20:24:07,478,0,37.94766666666667,4552,0.6666666666666666,5985
2025-01-13 20:24:08,438,0,37.95283333333333,4545,0.5,5985
2025-01-13 20:24:09,478,0,37.85416666666666,4552,0.5,5985
2025-01-13 20:24:10,478,0,37.86966666666667,4552,0.5,5985
2025-01-13 20:24:11,478,0,37.94216666666667,4592,1.1666666666666667,5985
2025-01-13 20:24:12,438,0,37.96833333333333,4552,0.3333333333333333,5985
2025-01-13 20:24:13,478,0,37.93716666666666,4545,1.1666666666666667,5985
2025-01-13 20:24:14,478,0,37.89533333333333,4545,1.1666666666666667,5986
2025-01-13 20:24:15,478,0,37.81733333333333,4545,0.6666666666666666,5986
2025-01-13 20:24:16,478,0,37.9735,4552,0.5,5986
2025-01-13 20:24:17,478,0,37.89566666666666,4592,1.1666666666666667,5986
2025-01-13 20:24:18,478,0,37.84866666666667,4552,0.6666666666666666,5986
2025-01-13 20:24:19,438,0,37.874500000000005,4552,0.5,5986
2025-01-13 20:24:20,438,0,37.84316666666667,4552,0.6666666666666666,5986
2025-01-13 20:24:21,478,0,37.921666666666674,4552,0.6666666666666666,5986
2025-01-13 20:24:22,438,0,37.96833333333333,4552,0.5,5986
2025-01-13 20:24:23,438,0,37.80716666666667,4552,1.0,5986
2025-01-13 20:24:24,438,0,37.838166666666666,4552,0.3333333333333333,5986
2025-01-13 20:24:25,438,0,37.97883333333333,4552,0.6666666666666666,5986
2025-01-13 20:24:26,438,0,38.0155,4545,0.6666666666666666,5986
2025-01-13 20:24:27,478,0,37.80716666666667,4545,0.5,5986
2025-01-13 20:24:28,478,0,37.833,4545,0.5,5986
2025-01-13 20:24:29,478,0,37.89033333333334,4545,0.5,5986
2025-01-13 20:24:30,478,0,37.87983333333333,4545,0.6666666666666666,5986
2025-01-13 20:24:31,478,0,37.838166666666666,4545,0.5,5986
2025-01-13 20:24:32,478,0,37.906000000000006,4545,0.6666666666666666,5986
2025-01-13 20:24:33,438,0,38.02033333333333,4545,0.6666666666666666,5987
2025-01-13 20:24:34,478,0,37.8435,4552,0.6666666666666666,5987
2025-01-13 20:24:35,438,0,37.801833333333335,4552,0.5,5987
2025-01-13 20:24:36,478,0,37.93716666666666,4552,0.6666666666666666,5987
2025-01-13 20:24:37,438,0,37.85383333333334,4552,0.6666666666666666,5987
2025-01-13 20:24:38,438,0,37.8485,4545,0.6666666666666666,5987
2025-01-13 20:24:39,438,0,37.83316666666667,4545,0.3333333333333333,5987
2025-01-13 20:24:40,438,0,37.786,4552,0.6666666666666666,5987
2025-01-13 20:24:41,438,0,37.859,4545,0.5,5987
2025-01-13 20:24:42,438,0,37.8175,4545,0.6666666666666666,5987
2025-01-13 20:24:43,438,0,37.93716666666666,4545,0.5,5987
2025-01-13 20:24:44,438,0,37.86416666666667,4552,0.8333333333333334,5987
2025-01-13 20:24:45,478,0,37.874500000000005,4552,0.5,5987
2025-01-13 20:24:46,438,0,37.88,4545,0.6666666666666666,5987
2025-01-13 20:24:47,478,0,37.80166666666668,4552,1.0,5984
2025-01-13 20:24:48,438,0,37.87983333333333,4545,0.6666666666666666,5984
2025-01-13 20:24:49,438,0,37.8905,4552,0.5,5984
2025-01-13 20:24:50,438,0,37.94233333333333,4545,0.5,5984
2025-01-13 20:24:51,438,0,37.952666666666666,4545,0.3333333333333333,5984
2025-01-13 20:24:52,478,0,37.9475,4545,0.5,5984
2025-01-13 20:24:53,438,0,37.916,4552,0.5,5984
2025-01-13 20:24:54,438,0,37.83283333333333,4545,0.5,5984
2025-01-13 20:24:55,438,0,37.86933333333334,4545,0.5,5984
2025-01-13 20:24:56,438,0,37.958,4545,0.5,5984
2025-01-13 20:24:57,438,0,38.078,4545,0.8333333333333334,5984
2025-01-13 20:24:58,438,0,37.96866666666667,4545,0.8333333333333334,5984
2025-01-13 20:24:59,438,0,37.8955,4552,0.5,5984
2025-01-13 20:25:00,438,0,37.97883333333333,4545,0.3333333333333333,5984
2025-01-13 20:25:01,438,0,37.98916666666667,4545,0.3333333333333333,5985
2025-01-13 20:25:02,478,0,37.963166666666666,4552,0.5,5985
2025-01-13 20:25:03,438,0,37.91633333333333,4545,0.8333333333333334,5985
2025-01-13 20:25:04,438,0,37.90083333333334,4552,0.5,5985
2025-01-13 20:25:05,438,0,37.97366666666667,4545,0.6666666666666666,5985
2025-01-13 20:25:06,438,0,37.84883333333334,4545,0.5,5985
2025-01-13 20:25:07,438,0,37.952666666666666,4545,0.5,5986
2025-01-13 20:25:08,438,0,37.963166666666666,4545,0.6666666666666666,5986
2025-01-13 20:25:09,438,0,37.864333333333335,4545,0.5,5986
2025-01-13 20:25:10,438,0,37.86933333333334,4545,0.5,5986
2025-01-13 20:25:11,438,0,37.932,4545,1.0,5986
2025-01-13 20:25:12,438,0,37.93183333333334,4545,0.6666666666666666,5987
2025-01-13 20:25:13,438,0,37.94233333333333,4545,0.6666666666666666,5987
2025-01-13 20:25:14,438,0,37.94766666666666,4545,0.3333333333333333,5987
2025-01-13 20:25:15,438,0,37.94733333333334,4545,0.5,5987
2025-01-13 20:25:16,438,0,37.90083333333333,4552,0.8333333333333334,5987
2025-01-13 20:25:17,438,0,37.92166666666666,4552,0.8333333333333334,5983
2025-01-13 20:25:18,438,0,37.88,4545,0.5,5984
2025-01-13 20:25:19,438,0,37.911,4552,0.5,5984
2025-01-13 20:25:20,438,0,37.91633333333333,4545,0.6666666666666666,5984
2025-01-13 20:25:21,438,0,37.90083333333333,4545,0.6666666666666666,5985
2025-01-13 20:25:22,438,0,37.90083333333333,4552,0.6666666666666666,5985
2025-01-13 20:25:23,438,0,37.963166666666666,4552,0.5,5985
2025-01-13 20:25:24,438,0,38.031,4552,0.5,5985
2025-01-13 20:25:25,438,0,37.87466666666668,4552,0.3333333333333333,5985
2025-01-13 20:25:26,438,0,37.8435,4552,0.8333333333333334,5985
2025-01-13 20:25:27,438,0,38.00483333333333,4552,0.5,5985
2025-01-13 20:25:28,438,0,37.97883333333333,4545,0.5,5985
2025-01-13 20:25:29,438,0,37.87466666666666,4545,0.6666666666666666,5985
2025-01-13 20:25:30,438,0,37.90583333333333,4552,0.3333333333333333,5985
2025-01-13 20:25:31,438,0,38.04666666666667,4552,0.8333333333333334,5986
2025-01-13 20:25:32,438,0,38.04666666666667,4552,0.8333333333333334,5986
2025-01-13 20:25:33,438,0,37.96833333333333,4545,0.6666666666666666,5986
2025-01-13 20:25:34,438,0,37.95283333333333,4545,0.5,5986
2025-01-13 20:25:35,438,0,37.91616666666667,4545,0.6666666666666666,5986
2025-01-13 20:25:36,438,0,37.91633333333333,4552,0.8333333333333334,5986
2025-01-13 20:25:37,438,0,38.04116666666667,4545,0.5,5986
2025-01-13 20:25:38,438,0,37.97866666666667,4545,0.8333333333333334,5986
2025-01-13 20:25:39,478,0,37.91633333333333,4545,0.6666666666666666,5986
2025-01-13 20:25:40,438,0,37.96333333333333,4545,0.5,5987
2025-01-13 20:25:41,438,0,37.86933333333334,4545,0.6666666666666666,5987
2025-01-13 20:25:42,438,0,37.99966666666666,4545,0.5,5987
2025-01-13 20:25:43,438,0,37.932,4552,0.6666666666666666,5987
2025-01-13 20:25:44,438,0,37.87466666666666,4545,0.5,5987
2025-01-13 20:25:45,438,0,38.0155,4552,0.3333333333333333,5987
2025-01-13 20:25:46,438,0,37.859,4552,0.5,5987
2025-01-13 20:25:47,438,0,37.90083333333334,4552,0.5,5987
2025-01-13 20:25:48,438,0,37.87466666666666,4552,0.5,5987
2025-01-13 20:25:49,438,0,38.0205,4545,0.3333333333333333,5987
2025-01-13 20:25:50,438,0,37.859,4545,0.6666666666666666,5987
2025-01-13 20:25:51,438,0,37.859,4545,0.6666666666666666,5987
2025-01-13 20:25:52,438,0,37.88516666666667,4545,0.5,5987
2025-01-13 20:25:53,438,0,37.84883333333334,4545,0.3333333333333333,5987
2025-01-13 20:25:54,438,0,37.89566666666667,4545,0.6666666666666666,5987
2025-01-13 20:25:55,438,0,37.89033333333333,4552,0.5,5987
2025-01-13 20:25:56,438,0,37.93716666666666,4545,0.5,5987
2025-01-13 20:25:57,438,0,37.937000000000005,4545,0.5,5987
2025-01-13 20:25:58,438,0,37.859,4545,0.5,5987
2025-01-13 20:25:59,438,0,37.92666666666667,4545,0.5,5987
2025-01-13 20:26:00,438,0,37.93716666666666,4545,0.5,5987
2025-01-13 20:26:01,438,0,37.90583333333333,4545,0.6666666666666666,5987
2025-01-13 20:26:02,438,0,37.81216666666668,4552,0.6666666666666666,5987
2025-01-13 20:26:03,478,0,37.937000000000005,4545,0.5,5987
2025-01-13 20:26:04,478,0,37.93716666666666,4552,0.8333333333333334,5987
2025-01-13 20:26:05,478,0,37.93216666666667,4552,0.8333333333333334,5987
2025-01-13 20:26:06,478,0,37.84866666666667,4545,0.5,5987
2025-01-13 20:26:07,478,0,37.91116666666667,4545,0.5,5987
2025-01-13 20:26:08,478,0,37.87466666666666,4545,0.5,5987
2025-01-13 20:26:09,478,0,37.926833333333335,4585,0.5,5987
2025-01-13 20:26:10,478,0,37.937333333333335,4545,0.8333333333333334,5987
2025-01-13 20:26:11,478,0,37.94766666666667,4545,0.3333333333333333,5988
2025-01-13 20:26:12,478,0,37.827666666666666,4545,1.1666666666666667,5988
2025-01-13 20:26:13,478,0,37.94233333333333,4585,1.0,5988
2025-01-13 20:26:14,478,0,37.979000000000006,4545,0.5,5988
2025-01-13 20:26:15,478,0,37.85916666666666,4545,1.5,5988
2025-01-13 20:26:16,478,0,37.854000000000006,4545,0.5,5988
2025-01-13 20:26:17,478,0,37.86933333333334,4545,0.6666666666666666,5988
2025-01-13 20:26:18,478,0,38.057,4545,0.5,5988
2025-01-13 20:26:19,478,0,37.84333333333333,4585,1.5,5982
2025-01-13 20:26:20,478,0,37.86933333333334,4545,0.8333333333333334,5983
2025-01-13 20:26:21,478,0,37.98916666666667,4545,0.3333333333333333,5983
2025-01-13 20:26:22,438,0,37.83283333333333,4545,0.8333333333333334,5983
2025-01-13 20:26:23,478,0,37.8435,4545,0.3333333333333333,5983
2025-01-13 20:26:24,478,0,37.8905,4552,0.8333333333333334,5983
2025-01-13 20:26:25,478,0,37.85883333333334,4545,0.5,5983
2025-01-13 20:26:26,438,0,37.82266666666667,4545,0.5,5983
2025-01-13 20:26:27,438,0,37.885333333333335,4545,0.5,5983
2025-01-13 20:26:28,438,0,38.01533333333333,4545,0.5,5983
2025-01-13 20:26:29,438,0,37.80683333333334,4545,0.5,5982
2025-01-13 20:26:30,438,0,37.82266666666667,4545,0.3333333333333333,5983
2025-01-13 20:26:31,478,0,37.95250000000001,4545,1.0,5984
2025-01-13 20:26:32,438,0,37.96316666666667,4545,0.5,5984
2025-01-13 20:26:33,438,0,37.827666666666666,4545,0.6666666666666666,5984
2025-01-13 20:26:34,438,0,37.89033333333333,4545,0.5,5984
2025-01-13 20:26:35,438,0,38.00483333333333,4545,0.5,5984
2025-01-13 20:26:36,438,0,37.86433333333333,4545,1.1666666666666667,5984
2025-01-13 20:26:37,438,0,37.92666666666667,4545,0.6666666666666666,5984
2025-01-13 20:26:38,438,0,37.95283333333333,4545,0.3333333333333333,5984
2025-01-13 20:26:39,438,0,37.94750000000001,4545,0.8333333333333334,5984
2025-01-13 20:26:40,438,0,37.95283333333334,4545,0.6666666666666666,5984
2025-01-13 20:26:41,438,0,37.92133333333334,4545,0.5,5985
2025-01-13 20:26:42,438,0,38.06216666666666,4545,0.6666666666666666,5985
2025-01-13 20:26:43,438,0,37.83833333333333,4545,0.5,5985
2025-01-13 20:26:44,438,0,37.96833333333333,4552,0.5,5985
2025-01-13 20:26:45,438,0,37.96333333333333,4552,0.5,5985
2025-01-13 20:26:46,438,0,37.9425,4552,1.0,5986
2025-01-13 20:26:47,478,0,37.9735,4545,0.3333333333333333,5986
2025-01-13 20:26:48,478,0,37.85383333333333,4545,1.3333333333333333,5986
2025-01-13 20:26:49,438,0,38.01533333333334,4545,0.6666666666666666,5986
2025-01-13 20:26:50,478,0,38.052,4545,0.5,5986
2025-01-13 20:26:51,438,0,37.86433333333334,4545,0.3333333333333333,5986
2025-01-13 20:26:52,438,0,37.87983333333333,4545,0.5,5986
2025-01-13 20:26:53,438,0,37.96833333333333,4545,0.6666666666666666,5986
2025-01-13 20:26:54,438,0,37.95816666666666,4545,0.6666666666666666,5986
2025-01-13 20:26:55,438,0,37.85383333333334,4545,0.5,5986
2025-01-13 20:26:56,438,0,37.90583333333333,4545,0.5,5986
2025-01-13 20:26:57,438,0,38.05166666666667,4545,0.3333333333333333,5986
2025-01-13 20:26:58,438,0,37.99433333333334,4552,0.3333333333333333,5986
2025-01-13 20:26:59,438,0,37.86950000000001,4545,0.8333333333333334,5986
2025-01-13 20:27:00,438,0,37.95250000000001,4545,0.3333333333333333,5986
2025-01-13 20:27:01,478,0,37.87466666666666,4552,0.6666666666666666,5986
2025-01-13 20:27:02,478,0,37.848666666666674,4552,0.6666666666666666,5986
2025-01-13 20:27:03,438,0,37.86950000000001,4545,0.5,5986
2025-01-13 20:27:04,438,0,37.979,4552,0.3333333333333333,5986
2025-01-13 20:27:05,478,0,37.91633333333333,4552,0.8333333333333334,5986
2025-01-13 20:27:06,438,0,37.95783333333333,4552,0.3333333333333333,5986
2025-01-13 20:27:07,438,0,37.958,4545,0.8333333333333334,5986
2025-01-13 20:27:08,438,0,37.87966666666667,4545,0.6666666666666666,5986
2025-01-13 20:27:09,478,0,37.932,4545,0.5,5986
2025-01-13 20:27:10,438,0,37.93166666666667,4545,0.3333333333333333,5986
2025-01-13 20:27:11,438,0,37.963,4545,1.1666666666666667,5986
2025-01-13 20:27:12,438,0,37.95283333333334,4545,0.8333333333333334,5986
2025-01-13 20:27:13,438,0,37.85383333333333,4545,1.0,5986
2025-01-13 20:27:14,438,0,37.890166666666666,4545,0.3333333333333333,5986
2025-01-13 20:27:15,438,0,37.984,4545,1.1666666666666667,5987
2025-01-13 20:27:16,438,0,37.98916666666667,4545,0.3333333333333333,5987
2025-01-13 20:27:17,438,0,37.90066666666667,4552,0.5,5987
2025-01-13 20:27:18,438,0,37.91633333333333,4552,0.6666666666666666,5987
2025-01-13 20:27:19,438,0,37.97366666666667,4552,0.5,5987
2025-01-13 20:27:20,438,0,37.953,4552,0.5,5987
2025-01-13 20:27:21,438,0,37.89033333333333,4545,0.5,5987
2025-01-13 20:27:22,438,0,37.937333333333335,4552,0.5,5987
2025-01-13 20:27:23,438,0,37.93716666666666,4552,0.5,5987
2025-01-13 20:27:24,438,0,37.92666666666667,4552,0.6666666666666666,5987
2025-01-13 20:27:25,438,0,37.9215,4552,0.3333333333333333,5987
2025-01-13 20:27:26,438,0,38.015166666666666,4552,0.8333333333333334,5987
2025-01-13 20:27:27,438,0,37.911,4545,0.6666666666666666,5987
2025-01-13 20:27:28,438,0,38.005,4545,0.6666666666666666,5987
2025-01-13 20:27:29,438,0,37.96833333333333,4552,0.5,5987
2025-01-13 20:27:30,438,0,37.92666666666667,4545,0.6666666666666666,5984
2025-01-13 20:27:31,438,0,37.94233333333333,4545,0.5,5985
2025-01-13 20:27:32,478,0,37.9425,4552,0.6666666666666666,5985
2025-01-13 20:27:33,438,0,37.999833333333335,4552,0.6666666666666666,5985
2025-01-13 20:27:34,438,0,37.88483333333334,4545,0.5,5985
2025-01-13 20:27:35,438,0,37.874833333333335,4545,0.5,5985
2025-01-13 20:27:36,438,0,37.95783333333333,4545,1.0,5985
2025-01-13 20:27:37,438,0,37.911,4545,0.5,5985
2025-01-13 20:27:38,438,0,38.04133333333333,4545,0.5,5985
2025-01-13 20:27:39,438,0,37.96333333333333,4552,0.3333333333333333,5985
2025-01-13 20:27:40,438,0,38.03633333333334,4545,0.5,5985
2025-01-13 20:27:41,438,0,37.91116666666667,4545,0.8333333333333334,5983
2025-01-13 20:27:42,438,0,37.859,4545,0.6666666666666666,5983
2025-01-13 20:27:43,438,0,37.91133333333334,4545,0.6666666666666666,5983
2025-01-13 20:27:44,438,0,37.926833333333335,4545,0.3333333333333333,5983
2025-01-13 20:27:45,438,0,37.86966666666667,4545,0.5,5983
2025-01-13 20:27:46,438,0,37.87983333333333,4545,0.5,5983
2025-01-13 20:27:47,438,0,37.85883333333334,4545,0.6666666666666666,5983
2025-01-13 20:27:48,438,0,37.906,4545,0.6666666666666666,5984
2025-01-13 20:27:49,438,0,37.926833333333335,4545,0.5,5984
2025-01-13 20:27:50,438,0,37.91116666666667,4545,0.3333333333333333,5984
2025-01-13 20:27:51,438,0,37.89033333333333,4545,0.6666666666666666,5984
2025-01-13 20:27:52,438,0,37.885,4545,0.6666666666666666,5984
2025-01-13 20:27:53,438,0,37.89566666666667,4545,0.6666666666666666,5984
2025-01-13 20:27:54,438,0,37.8905,4545,0.5,5984
2025-01-13 20:27:55,438,0,37.833,4552,0.6666666666666666,5984
2025-01-13 20:27:56,438,0,37.833,4552,0.6666666666666666,5984
2025-01-13 20:27:57,438,0,37.92183333333333,4545,0.6666666666666666,5984
2025-01-13 20:27:58,438,0,37.874833333333335,4552,0.6666666666666666,5984
2025-01-13 20:27:59,438,0,37.90583333333334,4545,0.6666666666666666,5985
2025-01-13 20:28:00,438,0,37.86433333333333,4545,0.5,5985
2025-01-13 20:28:01,438,0,37.91633333333333,4552,0.3333333333333333,5985
2025-01-13 20:28:02,438,0,37.911166666666674,4545,0.6666666666666666,5985
2025-01-13 20:28:03,438,0,37.91633333333334,4545,0.5,5986
2025-01-13 20:28:04,478,0,37.85383333333333,4545,0.5,5986
2025-01-13 20:28:05,478,0,37.83833333333333,4545,0.8333333333333334,5986
2025-01-13 20:28:06,478,0,37.94233333333333,4552,0.3333333333333333,5986
2025-01-13 20:28:07,438,0,37.932,4552,0.5,5986
2025-01-13 20:28:08,478,0,38.015166666666666,4545,0.6666666666666666,5986
2025-01-13 20:28:09,438,0,37.859,4545,0.5,5986
2025-01-13 20:28:10,438,0,37.85883333333334,4545,0.6666666666666666,5986
2025-01-13 20:28:11,438,0,37.9685,4545,0.0,5986
2025-01-13 20:28:12,438,0,37.97883333333333,4545,1.1666666666666667,5986
2025-01-13 20:28:13,438,0,37.963,4545,0.5,5986
2025-01-13 20:28:14,438,0,37.95816666666667,4545,0.6666666666666666,5986
2025-01-13 20:28:15,438,0,37.979000000000006,4545,0.5,5986
2025-01-13 20:28:16,438,0,37.937333333333335,4545,1.6666666666666667,5986
2025-01-13 20:28:17,438,0,37.984,4545,1.1666666666666667,5986
2025-01-13 20:28:18,438,0,37.91616666666667,4545,0.5,5986
2025-01-13 20:28:19,438,0,37.885,4545,0.8333333333333334,5986
2025-01-13 20:28:20,438,0,37.91633333333333,4545,2.0,5986
2025-01-13 20:28:21,438,0,37.87983333333333,4545,0.6666666666666666,5986
2025-01-13 20:28:22,438,0,37.932,4545,0.3333333333333333,5986
2025-01-13 20:28:23,438,0,37.94766666666667,4545,0.3333333333333333,5986
2025-01-13 20:28:24,438,0,37.89033333333334,4552,1.0,5986
2025-01-13 20:28:25,438,0,37.8955,4552,0.5,5986
2025-01-13 20:28:26,438,0,37.859,4545,0.3333333333333333,5986
2025-01-13 20:28:27,438,0,38.010333333333335,4545,0.6666666666666666,5986
2025-01-13 20:28:28,438,0,37.91133333333334,4545,0.6666666666666666,5986
2025-01-13 20:28:29,438,0,37.90083333333333,4545,0.3333333333333333,5987
2025-01-13 20:28:30,478,0,37.932,4545,0.8333333333333334,5987
2025-01-13 20:28:31,478,0,37.87466666666666,4545,0.8333333333333334,5987
2025-01-13 20:28:32,478,0,37.87983333333334,4545,0.3333333333333333,5987
2025-01-13 20:28:33,478,0,37.937000000000005,4592,0.6666666666666666,5987
2025-01-13 20:28:34,478,0,37.93183333333334,4585,0.8333333333333334,5987
2025-01-13 20:28:35,478,0,37.843500000000006,4545,0.5,5987
2025-01-13 20:28:36,478,0,37.88516666666666,4585,1.1666666666666667,5987
2025-01-13 20:28:37,478,0,38.02066666666667,4545,0.5,5987
2025-01-13 20:28:38,478,0,37.95283333333334,4545,0.6666666666666666,5987
2025-01-13 20:28:39,478,0,37.843500000000006,4545,0.5,5987
2025-01-13 20:28:40,478,0,37.93183333333334,4545,0.8333333333333334,5987
2025-01-13 20:28:41,478,0,37.91133333333333,4545,0.6666666666666666,5987
2025-01-13 20:28:42,478,0,37.937333333333335,4545,0.5,5987
2025-01-13 20:28:43,478,0,37.885,4545,0.5,5984
2025-01-13 20:28:44,478,0,37.9735,4545,0.5,5984
2025-01-13 20:28:45,478,0,37.947833333333335,4545,0.5,5984
2025-01-13 20:28:46,478,0,37.88483333333334,4545,0.3333333333333333,5984
2025-01-13 20:28:47,478,0,37.93183333333334,4545,0.5,5984
2025-01-13 20:28:48,478,0,37.984166666666674,4545,0.6666666666666666,5984
2025-01-13 20:28:49,478,0,37.99450000000001,4545,0.6666666666666666,5984
2025-01-13 20:28:50,478,0,37.93716666666666,4545,0.6666666666666666,5984
2025-01-13 20:28:51,478,0,37.98416666666667,4545,0.5,5984
2025-01-13 20:28:52,478,0,37.99966666666666,4585,0.6666666666666666,5984
2025-01-13 20:28:53,478,0,37.9005,4545,0.6666666666666666,5983
2025-01-13 20:28:54,478,0,37.97866666666667,4545,0.6666666666666666,5983
2025-01-13 20:28:55,478,0,37.97383333333334,4545,0.6666666666666666,5983
2025-01-13 20:28:56,478,0,38.031000000000006,4545,0.3333333333333333,5983
2025-01-13 20:28:57,478,0,37.890166666666666,4545,0.6666666666666666,5983
2025-01-13 20:28:58,478,0,37.88,4545,0.5,5983
2025-01-13 20:28:59,438,0,37.97866666666667,4545,0.5,5984
2025-01-13 20:29:00,478,0,37.80683333333334,4545,0.5,5984
2025-01-13 20:29:01,478,0,37.87983333333335,4585,0.5,5984
2025-01-13 20:29:02,478,0,37.9265,4545,0.6666666666666666,5984
2025-01-13 20:29:03,478,0,37.84333333333333,4585,0.3333333333333333,5984
2025-01-13 20:29:04,478,0,37.8955,4545,0.8333333333333334,5984
2025-01-13 20:29:05,478,0,37.90083333333333,4545,0.5,5984
2025-01-13 20:29:06,438,0,37.90066666666667,4545,0.6666666666666666,5984
2025-01-13 20:29:07,438,0,37.921666666666674,4545,0.5,5984
2025-01-13 20:29:08,438,0,38.00483333333333,4545,0.3333333333333333,5984
2025-01-13 20:29:09,478,0,37.87466666666666,4545,0.6666666666666666,5985
2025-01-13 20:29:10,478,0,37.85916666666667,4545,0.8333333333333334,5985
2025-01-13 20:29:11,478,0,37.98933333333333,4585,0.8333333333333334,5985
2025-01-13 20:29:12,438,0,37.890166666666666,4545,0.8333333333333334,5985
2025-01-13 20:29:13,438,0,37.900666666666666,4545,0.3333333333333333,5985
2025-01-13 20:29:14,438,0,37.911,4545,0.6666666666666666,5985
2025-01-13 20:29:15,438,0,37.885,4545,0.6666666666666666,5985
2025-01-13 20:29:16,438,0,37.911,4545,0.5,5985
2025-01-13 20:29:17,438,0,37.937333333333335,4545,0.3333333333333333,5985
2025-01-13 20:29:18,438,0,37.9685,4545,0.5,5985
2025-01-13 20:29:19,438,0,37.93183333333334,4545,0.6666666666666666,5985
2025-01-13 20:29:20,438,0,37.874500000000005,4545,0.8333333333333334,5985
2025-01-13 20:29:21,438,0,37.91116666666667,4545,0.5,5986
2025-01-13 20:29:22,438,0,37.96866666666667,4545,0.5,5986
2025-01-13 20:29:23,438,0,38.04633333333334,4545,0.8333333333333334,5986
2025-01-13 20:29:24,438,0,37.86433333333333,4545,0.3333333333333333,5986
2025-01-13 20:29:25,438,0,37.874500000000005,4545,0.6666666666666666,5986
2025-01-13 20:29:26,438,0,38.01516666666668,4545,0.8333333333333334,5986
2025-01-13 20:29:27,438,0,37.963,4545,0.5,5986
2025-01-13 20:29:28,438,0,37.85383333333333,4545,0.3333333333333333,5986
2025-01-13 20:29:29,478,0,38.00483333333333,4545,0.6666666666666666,5986
2025-01-13 20:29:30,438,0,37.979000000000006,4545,0.3333333333333333,5986
2025-01-13 20:29:31,438,0,37.91116666666667,4545,1.0,5987
2025-01-13 20:29:32,438,0,37.9945,4545,0.6666666666666666,5987
2025-01-13 20:29:33,438,0,38.015166666666666,4545,0.6666666666666666,5987
2025-01-13 20:29:34,438,0,37.900666666666666,4545,1.0,5987
2025-01-13 20:29:35,438,0,38.057,4545,0.6666666666666666,5987
2025-01-13 20:29:36,438,0,38.01533333333333,4545,0.5,5987
2025-01-13 20:29:37,438,0,37.87983333333333,4545,0.6666666666666666,5987
2025-01-13 20:29:38,438,0,38.0675,4545,0.6666666666666666,5987
2025-01-13 20:29:39,438,0,37.859,4545,0.6666666666666666,5987
2025-01-13 20:29:40,438,0,38.04133333333333,4545,0.3333333333333333,5987
2025-01-13 20:29:41,438,0,37.8485,4545,0.5,5987
2025-01-13 20:29:42,438,0,37.9165,4545,0.6666666666666666,5987
2025-01-13 20:29:43,438,0,37.95283333333333,4545,1.0,5987
2025-01-13 20:29:44,438,0,37.83316666666667,4552,0.6666666666666666,5987
2025-01-13 20:29:45,438,0,37.86433333333333,4545,0.6666666666666666,5987
2025-01-13 20:29:46,438,0,37.9265,4545,0.6666666666666666,5987
2025-01-13 20:29:47,438,0,37.97866666666667,4545,0.5,5987
2025-01-13 20:29:48,438,0,37.86933333333334,4545,0.5,5987
2025-01-13 20:29:49,438,0,37.84866666666667,4545,0.5,5987
2025-01-13 20:29:50,438,0,37.952666666666666,4545,0.5,5987
2025-01-13 20:29:51,438,0,37.9475,4545,0.5,5987
2025-01-13 20:29:52,438,0,37.89033333333334,4545,0.8333333333333334,5987
2025-01-13 20:29:53,438,0,37.9215,4545,0.5,5987
2025-01-13 20:29:54,438,0,38.077666666666666,4545,1.0,5983
2025-01-13 20:29:55,438,0,37.93216666666667,4545,0.5,5984
2025-01-13 20:29:56,438,0,37.958,4545,0.5,5984
2025-01-13 20:29:57,438,0,37.98383333333334,4545,0.6666666666666666,5984
2025-01-13 20:29:58,438,0,37.91633333333333,4545,0.5,5984
2025-01-13 20:29:59,438,0,37.9945,4545,0.6666666666666666,5984
2025-01-13 20:30:00,438,0,37.937000000000005,4545,0.5,5984
2025-01-13 20:30:01,438,0,37.95250000000001,4545,1.0,5984
2025-01-13 20:30:02,478,0,37.984166666666674,4545,0.8333333333333334,5985
2025-01-13 20:30:03,438,0,37.87466666666666,4545,0.5,5985
2025-01-13 20:30:04,438,0,37.989333333333335,4545,0.6666666666666666,5983
2025-01-13 20:30:05,438,0,38.02066666666667,4545,0.5,5984
2025-01-13 20:30:06,438,0,38.036166666666674,4545,0.8333333333333334,5984
2025-01-13 20:30:07,438,0,37.911,4545,0.6666666666666666,5984
2025-01-13 20:30:08,438,0,37.91616666666667,4545,0.3333333333333333,5985
2025-01-13 20:30:09,478,0,38.07783333333334,4545,1.0,5985
2025-01-13 20:30:10,438,0,37.98933333333334,4545,0.3333333333333333,5985
2025-01-13 20:30:11,478,0,37.937000000000005,4545,1.1666666666666667,5985
2025-01-13 20:30:12,478,0,37.947833333333335,4545,1.0,5985
2025-01-13 20:30:13,438,0,38.01,4545,0.5,5985
2025-01-13 20:30:14,438,0,38.05166666666667,4545,0.5,5985
2025-01-13 20:30:15,438,0,38.01016666666667,4545,0.5,5985
2025-01-13 20:30:16,478,0,38.00466666666667,4545,1.3333333333333333,5985
2025-01-13 20:30:17,478,0,37.87466666666668,4545,1.0,5986
2025-01-13 20:30:18,438,0,37.8645,4545,0.3333333333333333,5986
2025-01-13 20:30:19,478,0,37.937000000000005,4545,0.8333333333333334,5986
2025-01-13 20:30:20,478,0,37.90583333333333,4545,1.6666666666666667,5986
2025-01-13 20:30:21,478,0,37.90583333333333,4545,1.6666666666666667,5986
2025-01-13 20:30:22,438,0,37.85883333333334,4545,0.6666666666666666,5986
2025-01-13 20:30:23,438,0,37.89533333333333,4545,1.0,5986
2025-01-13 20:30:24,438,0,37.999833333333335,4545,0.3333333333333333,5986
2025-01-13 20:30:25,438,0,37.88516666666666,4545,0.8333333333333334,5986
2025-01-13 20:30:26,438,0,37.92666666666668,4552,0.8333333333333334,5986
2025-01-13 20:30:27,438,0,37.96333333333333,4552,0.5,5986
2025-01-13 20:30:28,438,0,37.9215,4545,0.6666666666666666,5986
2025-01-13 20:30:29,438,0,37.93716666666666,4545,0.5,5986
2025-01-13 20:30:30,438,0,37.926833333333335,4545,0.3333333333333333,5986
2025-01-13 20:30:31,438,0,37.84883333333334,4545,0.5,5986
2025-01-13 20:30:32,438,0,37.97366666666667,4545,0.8333333333333334,5986
2025-01-13 20:30:33,438,0,37.952666666666666,4545,0.5,5986
2025-01-13 20:30:34,438,0,37.93183333333334,4545,0.8333333333333334,5987
2025-01-13 20:30:35,438,0,37.84333333333333,4545,0.5,5987
2025-01-13 20:30:36,438,0,37.937333333333335,4545,0.6666666666666666,5987
2025-01-13 20:30:37,478,0,37.9475,4545,0.6666666666666666,5987
2025-01-13 20:30:38,478,0,37.8435,4545,0.8333333333333334,5987
2025-01-13 20:30:39,438,0,37.97366666666667,4545,0.5,5987
2025-01-13 20:30:40,438,0,37.911,4545,0.5,5987
2025-01-13 20:30:41,438,0,37.95783333333333,4552,0.6666666666666666,5987
2025-01-13 20:30:42,438,0,37.958000000000006,4545,0.5,5987
2025-01-13 20:30:43,438,0,37.97866666666667,4545,0.6666666666666666,5987
2025-01-13 20:30:44,438,0,37.890166666666666,4552,0.5,5987
2025-01-13 20:30:45,438,0,37.95783333333333,4545,0.5,5987
2025-01-13 20:30:46,438,0,38.07783333333333,4545,0.6666666666666666,5987
2025-01-13 20:30:47,438,0,37.822833333333335,4545,0.6666666666666666,5987
2025-01-13 20:30:48,438,0,37.89033333333333,4545,0.8333333333333334,5987
2025-01-13 20:30:49,438,0,37.99433333333334,4545,0.5,5987
2025-01-13 20:30:50,438,0,37.85900000000001,4545,0.8333333333333334,5987
2025-01-13 20:30:51,438,0,37.90583333333333,4545,0.6666666666666666,5987
2025-01-13 20:30:52,478,0,37.92183333333333,4545,0.3333333333333333,5987
2025-01-13 20:30:53,478,0,38.0985,4545,0.6666666666666666,5987
2025-01-13 20:30:54,478,0,37.979000000000006,4545,0.8333333333333334,5987
2025-01-13 20:30:55,478,0,38.04633333333334,4585,0.8333333333333334,5987
2025-01-13 20:30:56,478,0,37.874500000000005,4585,0.5,5987
2025-01-13 20:30:57,478,0,37.963166666666666,4545,0.5,5988
2025-01-13 20:30:58,478,0,38.0725,4585,0.3333333333333333,5988
2025-01-13 20:30:59,478,0,37.85883333333334,4585,0.5,5988
2025-01-13 20:31:00,478,0,37.89000000000001,4545,0.6666666666666666,5988
2025-01-13 20:31:01,478,0,37.952666666666666,4585,0.5,5988
2025-01-13 20:31:02,478,0,37.885,4545,0.8333333333333334,5988
2025-01-13 20:31:03,478,0,37.906,4585,0.5,5988
2025-01-13 20:31:04,478,0,37.973333333333336,4585,0.5,5988
2025-01-13 20:31:05,478,0,38.01533333333334,4585,1.1666666666666667,5988
2025-01-13 20:31:06,478,0,37.94733333333334,4585,0.5,5984
2025-01-13 20:31:07,478,0,37.90083333333334,4545,0.5,5984
2025-01-13 20:31:08,478,0,37.93183333333334,4545,0.6666666666666666,5985
2025-01-13 20:31:09,478,0,37.90083333333334,4585,0.8333333333333334,5985
2025-01-13 20:31:10,478,0,37.9475,4545,0.5,5985
2025-01-13 20:31:11,478,0,37.984,4585,1.3333333333333333,5985
2025-01-13 20:31:12,478,0,37.82783333333333,4545,0.3333333333333333,5985
2025-01-13 20:31:13,478,0,37.87466666666666,4545,0.6666666666666666,5985
2025-01-13 20:31:14,478,0,37.95283333333334,4545,0.5,5985
2025-01-13 20:31:15,438,0,38.00483333333333,4545,0.6666666666666666,5985
2025-01-13 20:31:16,478,0,37.85383333333333,4545,0.6666666666666666,5984
2025-01-13 20:31:17,438,0,37.85366666666667,4545,0.5,5985
2025-01-13 20:31:18,438,0,37.91633333333333,4545,0.3333333333333333,5985
2025-01-13 20:31:19,438,0,37.952666666666666,4545,0.6666666666666666,5985
2025-01-13 20:31:20,438,0,37.99966666666666,4545,0.6666666666666666,5985
2025-01-13 20:31:21,438,0,37.91116666666667,4545,0.3333333333333333,5985
2025-01-13 20:31:22,478,0,38.077666666666666,4545,0.6666666666666666,5985
2025-01-13 20:31:23,438,0,37.96816666666667,4545,0.3333333333333333,5985
2025-01-13 20:31:24,438,0,38.00483333333333,4552,0.5,5985
2025-01-13 20:31:25,478,0,37.94766666666667,4552,0.6666666666666666,5985
2025-01-13 20:31:26,478,0,37.93183333333334,4545,0.5,5985
2025-01-13 20:31:27,478,0,37.98933333333333,4545,0.5,5985
2025-01-13 20:31:28,438,0,38.03083333333333,4545,0.5,5985
2025-01-13 20:31:29,438,0,37.900666666666666,4545,0.8333333333333334,5985
2025-01-13 20:31:30,438,0,37.90566666666667,4545,0.3333333333333333,5985
2025-01-13 20:31:31,438,0,37.89033333333333,4545,0.5,5986
2025-01-13 20:31:32,438,0,37.99433333333334,4545,0.6666666666666666,5986
2025-01-13 20:31:33,438,0,37.874500000000005,4545,0.5,5986
2025-01-13 20:31:34,438,0,37.89533333333333,4545,0.5,5986
2025-01-13 20:31:35,438,0,38.01533333333333,4545,0.5,5986
2025-01-13 20:31:36,438,0,37.8695,4545,0.6666666666666666,5986
2025-01-13 20:31:37,438,0,37.890166666666666,4545,0.6666666666666666,5986
2025-01-13 20:31:38,478,0,37.91616666666667,4545,0.6666666666666666,5987
2025-01-13 20:31:39,438,0,38.010333333333335,4545,0.3333333333333333,5987
2025-01-13 20:31:40,478,0,37.90566666666667,4545,0.6666666666666666,5987
2025-01-13 20:31:41,438,0,37.916500000000006,4545,0.6666666666666666,5987
2025-01-13 20:31:42,438,0,37.96866666666667,4545,0.1666666666666666,5987
2025-01-13 20:31:43,438,0,37.84333333333333,4545,0.6666666666666666,5987
2025-01-13 20:31:44,438,0,37.92666666666667,4545,0.3333333333333333,5987
2025-01-13 20:31:45,438,0,37.90083333333333,4545,0.5,5987
2025-01-13 20:31:46,438,0,37.9685,4552,0.8333333333333334,5987
2025-01-13 20:31:47,438,0,37.91116666666667,4545,0.5,5987
2025-01-13 20:31:48,438,0,37.8485,4545,0.6666666666666666,5987
2025-01-13 20:31:49,438,0,37.906000000000006,4545,0.5,5987
2025-01-13 20:31:50,438,0,37.932,4545,0.3333333333333333,5987
2025-01-13 20:31:51,438,0,38.01,4545,0.6666666666666666,5987
2025-01-13 20:31:52,438,0,37.94216666666667,4545,0.5,5987
2025-01-13 20:31:53,438,0,38.01016666666667,4545,0.5,5987
2025-01-13 20:31:54,438,0,37.94233333333333,4545,0.8333333333333334,5987
2025-01-13 20:31:55,438,0,37.97383333333334,4545,0.6666666666666666,5987
2025-01-13 20:31:56,438,0,37.984,4545,0.5,5987
2025-01-13 20:31:57,438,0,37.885,4545,0.5,5987
2025-01-13 20:31:58,438,0,37.94766666666666,4545,0.8333333333333334,5987
2025-01-13 20:31:59,438,0,37.95816666666667,4545,0.3333333333333333,5987
2025-01-13 20:32:00,438,0,37.963166666666666,4545,0.5,5987
2025-01-13 20:32:01,438,0,37.89033333333333,4545,0.8333333333333334,5987
2025-01-13 20:32:02,438,0,37.85383333333334,4545,0.1666666666666666,5987
2025-01-13 20:32:03,438,0,38.00466666666667,4545,0.5,5988
2025-01-13 20:32:04,438,0,37.812000000000005,4552,0.5,5988
2025-01-13 20:32:05,438,0,37.87983333333333,4545,0.5,5988
2025-01-13 20:32:06,438,0,37.9945,4545,0.5,5988
2025-01-13 20:32:07,438,0,37.838166666666666,4545,0.6666666666666666,5988
2025-01-13 20:32:08,438,0,37.84883333333334,4545,0.5,5988
2025-01-13 20:32:09,438,0,37.95283333333334,4545,0.8333333333333334,5988
2025-01-13 20:32:10,438,0,38.03633333333334,4545,0.3333333333333333,5988
2025-01-13 20:32:11,478,0,37.859166666666674,4545,1.0,5988
2025-01-13 20:32:12,438,0,37.8435,4545,0.5,5988
2025-01-13 20:32:13,438,0,37.97866666666667,4545,0.6666666666666666,5989
2025-01-13 20:32:14,478,0,37.96816666666667,4545,0.8333333333333334,5989
2025-01-13 20:32:15,438,0,37.98416666666667,4545,0.8333333333333334,5989
2025-01-13 20:32:16,438,0,37.89033333333333,4545,0.5,5989
2025-01-13 20:32:17,478,0,37.90083333333333,4545,1.0,5983
2025-01-13 20:32:18,438,0,37.9475,4545,0.6666666666666666,5983
2025-01-13 20:32:19,438,0,37.958,4545,0.8333333333333334,5983
2025-01-13 20:32:20,438,0,37.963,4545,0.6666666666666666,5983
2025-01-13 20:32:21,478,0,37.84333333333333,4545,1.3333333333333333,5984
2025-01-13 20:32:22,438,0,37.95816666666667,4545,0.5,5984
2025-01-13 20:32:23,438,0,37.86950000000001,4552,0.6666666666666666,5984
2025-01-13 20:32:24,438,0,37.88,4552,0.6666666666666666,5984
2025-01-13 20:32:25,438,0,37.85366666666667,4552,0.3333333333333333,5984
2025-01-13 20:32:26,438,0,37.85383333333333,4552,0.3333333333333333,5984
2025-01-13 20:32:27,438,0,37.93183333333334,4552,0.5,5983
2025-01-13 20:32:28,438,0,37.86433333333334,4552,0.5,5983
2025-01-13 20:32:29,438,0,37.87466666666666,4552,0.8333333333333334,5984
2025-01-13 20:32:30,438,0,37.88,4545,0.5,5984
2025-01-13 20:32:31,438,0,37.84883333333334,4552,0.5,5985
2025-01-13 20:32:32,438,0,37.874833333333335,4545,0.6666666666666666,5985
2025-01-13 20:32:33,438,0,37.9215,4552,0.6666666666666666,5985
2025-01-13 20:32:34,438,0,37.827666666666666,4552,0.5,5985
2025-01-13 20:32:35,438,0,37.82233333333334,4552,0.5,5985
2025-01-13 20:32:36,438,0,37.88,4552,0.6666666666666666,5985
2025-01-13 20:32:37,438,0,37.93183333333334,4545,0.5,5985
2025-01-13 20:32:38,438,0,37.81216666666666,4545,0.3333333333333333,5985
2025-01-13 20:32:39,438,0,37.885,4552,0.6666666666666666,5985
2025-01-13 20:32:40,438,0,37.93716666666666,4552,0.5,5985
2025-01-13 20:32:41,438,0,37.8225,4552,0.5,5985
2025-01-13 20:32:42,438,0,37.84333333333333,4545,0.3333333333333333,5985
2025-01-13 20:32:43,438,0,37.84333333333333,4545,0.3333333333333333,5985
2025-01-13 20:32:44,438,0,37.90583333333333,4545,0.8333333333333334,5985
2025-01-13 20:32:45,438,0,37.984,4552,0.6666666666666666,5985
2025-01-13 20:32:46,438,0,37.92166666666667,4552,0.6666666666666666,5985
2025-01-13 20:32:47,478,0,37.86416666666667,4545,1.0,5986
2025-01-13 20:32:48,478,0,37.859,4552,0.5,5986
2025-01-13 20:32:49,438,0,37.87983333333333,4545,0.6666666666666666,5986
2025-01-13 20:32:50,438,0,37.963166666666666,4545,0.3333333333333333,5986
2025-01-13 20:32:51,438,0,37.92166666666667,4545,0.5,5986
2025-01-13 20:32:52,438,0,37.96816666666667,4545,0.6666666666666666,5986
2025-01-13 20:32:53,478,0,37.89033333333333,4545,0.3333333333333333,5986
2025-01-13 20:32:54,478,0,37.932,4545,0.5,5986
2025-01-13 20:32:55,478,0,37.92683333333333,4545,1.3333333333333333,5986
2025-01-13 20:32:56,438,0,37.89533333333333,4552,0.3333333333333333,5986
2025-01-13 20:32:57,438,0,37.94233333333333,4552,0.5,5986
2025-01-13 20:32:58,478,0,37.82783333333333,4552,0.5,5986
2025-01-13 20:32:59,438,0,37.99433333333334,4545,0.6666666666666666,5986
2025-01-13 20:33:00,438,0,37.95783333333333,4545,0.3333333333333333,5986
2025-01-13 20:33:01,438,0,37.86416666666667,4552,0.6666666666666666,5986
2025-01-13 20:33:02,438,0,37.890166666666666,4552,0.6666666666666666,5986
2025-01-13 20:33:03,438,0,37.90566666666667,4552,0.8333333333333334,5987
2025-01-13 20:33:04,438,0,37.83283333333333,4552,0.5,5987
2025-01-13 20:33:05,438,0,37.86933333333334,4552,0.5,5987
2025-01-13 20:33:06,438,0,37.8695,4552,0.5,5987
2025-01-13 20:33:07,438,0,37.92666666666667,4552,0.6666666666666666,5987
2025-01-13 20:33:08,438,0,37.83283333333333,4545,0.6666666666666666,5987
2025-01-13 20:33:09,438,0,37.87983333333333,4552,0.3333333333333333,5987
2025-01-13 20:33:10,438,0,37.91633333333333,4545,0.5,5987
2025-01-13 20:33:11,438,0,37.81733333333333,4552,0.5,5987
2025-01-13 20:33:12,478,0,37.8485,4552,1.1666666666666667,5987
2025-01-13 20:33:13,478,0,37.926833333333335,4552,0.5,5987
2025-01-13 20:33:14,438,0,38.01,4552,0.6666666666666666,5987
2025-01-13 20:33:15,478,0,37.900666666666666,4552,0.5,5987
2025-01-13 20:33:16,478,0,37.90583333333333,4552,1.0,5987
2025-01-13 20:33:17,438,0,37.95816666666666,4552,0.6666666666666666,5987
2025-01-13 20:33:18,478,0,37.92133333333334,4545,0.5,5987
2025-01-13 20:33:19,478,0,37.92666666666667,4592,0.8333333333333334,5988
2025-01-13 20:33:20,478,0,37.86950000000001,4585,0.8333333333333334,5988
2025-01-13 20:33:21,478,0,37.85883333333334,4545,0.3333333333333333,5988
2025-01-13 20:33:22,478,0,37.92666666666667,4552,0.8333333333333334,5988
2025-01-13 20:33:23,478,0,37.963166666666666,4592,0.5,5988
2025-01-13 20:33:24,478,0,37.95783333333333,4552,0.5,5988
2025-01-13 20:33:25,478,0,37.93716666666666,4552,0.3333333333333333,5988
2025-01-13 20:33:26,478,0,37.94233333333333,4552,0.5,5988
2025-01-13 20:33:27,478,0,37.958,4552,0.3333333333333333,5988
2025-01-13 20:33:28,478,0,37.87466666666666,4552,0.8333333333333334,5988
2025-01-13 20:33:29,478,0,37.95816666666667,4552,0.5,5982
2025-01-13 20:33:30,478,0,38.031,4552,0.3333333333333333,5984
2025-01-13 20:33:31,478,0,37.927,4545,0.6666666666666666,5985
2025-01-13 20:33:32,478,0,37.98933333333333,4545,0.3333333333333333,5985
2025-01-13 20:33:33,478,0,37.99433333333334,4545,0.6666666666666666,5985
2025-01-13 20:33:34,478,0,37.973333333333336,4552,0.6666666666666666,5985
2025-01-13 20:33:35,478,0,37.874500000000005,4552,0.6666666666666666,5985
2025-01-13 20:33:36,478,0,37.99433333333334,4545,0.8333333333333334,5985
2025-01-13 20:33:37,438,0,38.0465,4545,0.5,5985
2025-01-13 20:33:38,478,0,38.02066666666667,4552,0.5,5985
2025-01-13 20:33:39,478,0,37.937000000000005,4552,0.3333333333333333,5982
2025-01-13 20:33:40,478,0,38.01,4545,0.6666666666666666,5984
2025-01-13 20:33:41,478,0,37.9215,4545,0.8333333333333334,5984
2025-01-13 20:33:42,478,0,37.90583333333333,4545,0.5,5984
2025-01-13 20:33:43,478,0,37.90083333333333,4545,0.5,5984
2025-01-13 20:33:44,438,0,37.952666666666666,4552,0.3333333333333333,5984
2025-01-13 20:33:45,438,0,37.8225,4545,0.5,5984
2025-01-13 20:33:46,478,0,37.7965,4552,0.8333333333333334,5984
2025-01-13 20:33:47,478,0,37.90583333333333,4552,0.3333333333333333,5984
2025-01-13 20:33:48,478,0,38.01,4552,0.8333333333333334,5984
2025-01-13 20:33:49,438,0,37.81216666666668,4552,0.6666666666666666,5984
2025-01-13 20:33:50,438,0,37.82233333333334,4552,0.6666666666666666,5984
2025-01-13 20:33:51,438,0,37.96833333333333,4545,0.6666666666666666,5984
2025-01-13 20:33:52,478,0,37.90583333333333,4592,1.0,5985
2025-01-13 20:33:53,438,0,37.92150000000001,4552,0.5,5985
2025-01-13 20:33:54,438,0,37.86416666666667,4552,0.6666666666666666,5985
2025-01-13 20:33:55,438,0,38.00483333333333,4545,0.6666666666666666,5985
2025-01-13 20:33:56,438,0,37.90083333333333,4545,0.3333333333333333,5985
2025-01-13 20:33:57,478,0,37.93216666666667,4545,0.8333333333333334,5986
2025-01-13 20:33:58,438,0,37.98916666666667,4545,0.5,5986
2025-01-13 20:33:59,438,0,37.85366666666667,4545,0.6666666666666666,5986
2025-01-13 20:34:00,478,0,37.83316666666667,4552,0.5,5986
2025-01-13 20:34:01,478,0,37.98916666666667,4545,0.6666666666666666,5986
2025-01-13 20:34:02,478,0,37.999500000000005,4552,0.5,5986
2025-01-13 20:34:03,438,0,37.89033333333333,4552,0.5,5986
2025-01-13 20:34:04,438,0,37.83833333333333,4552,0.5,5986
2025-01-13 20:34:05,438,0,37.86416666666667,4552,1.0,5986
2025-01-13 20:34:06,438,0,37.9945,4552,0.5,5986
2025-01-13 20:34:07,438,0,37.9425,4545,0.6666666666666666,5986
2025-01-13 20:34:08,438,0,37.88,4545,0.6666666666666666,5986
2025-01-13 20:34:09,438,0,37.86933333333334,4545,0.6666666666666666,5986
2025-01-13 20:34:10,478,0,37.937000000000005,4545,0.3333333333333333,5986
2025-01-13 20:34:11,478,0,37.98400000000001,4545,1.0,5986
2025-01-13 20:34:12,438,0,37.97883333333333,4545,0.6666666666666666,5986
2025-01-13 20:34:13,438,0,37.984166666666674,4545,0.6666666666666666,5986
2025-01-13 20:34:14,478,0,37.86916666666667,4552,0.8333333333333334,5986
2025-01-13 20:34:15,438,0,37.885,4552,0.6666666666666666,5986
2025-01-13 20:34:16,438,0,37.833,4552,0.3333333333333333,5986
2025-01-13 20:34:17,438,0,37.9265,4552,0.5,5986
2025-01-13 20:34:18,478,0,37.84316666666667,4552,1.6666666666666667,5986
2025-01-13 20:34:19,438,0,37.83833333333334,4552,0.3333333333333333,5986
2025-01-13 20:34:20,438,0,37.854000000000006,4545,0.5,5986
2025-01-13 20:34:21,478,0,37.827666666666666,4545,0.6666666666666666,5986
2025-01-13 20:34:22,478,0,37.8955,4592,1.8333333333333333,5987
2025-01-13 20:34:23,438,0,37.89566666666667,4545,0.3333333333333333,5987
2025-01-13 20:34:24,438,0,37.96833333333333,4552,0.5,5987
2025-01-13 20:34:25,438,0,37.93200000000001,4552,0.6666666666666666,5987
2025-01-13 20:34:26,438,0,37.87966666666667,4552,0.6666666666666666,5987
2025-01-13 20:34:27,438,0,37.94233333333333,4552,0.6666666666666666,5987
2025-01-13 20:34:28,438,0,37.84866666666667,4512,0.5,5987
2025-01-13 20:34:29,438,0,37.92683333333333,4552,0.5,5987
2025-01-13 20:34:30,438,0,37.916500000000006,4552,0.5,5987
2025-01-13 20:34:31,438,0,37.895500000000006,4552,0.3333333333333333,5987
2025-01-13 20:34:32,438,0,37.90083333333333,4552,0.8333333333333334,5987
2025-01-13 20:34:33,438,0,37.84333333333333,4552,1.0,5987
2025-01-13 20:34:34,438,0,37.8955,4552,0.5,5987
2025-01-13 20:34:35,438,0,37.937000000000005,4545,0.6666666666666666,5987
2025-01-13 20:34:36,438,0,37.9635,4545,0.6666666666666666,5987
2025-01-13 20:34:37,438,0,37.83316666666667,4552,0.6666666666666666,5987
2025-01-13 20:34:38,438,0,37.91133333333334,4552,0.5,5987
2025-01-13 20:34:39,438,0,37.9685,4552,0.5,5987
2025-01-13 20:34:40,438,0,37.79116666666667,4552,0.3333333333333333,5982
2025-01-13 20:34:41,438,0,37.91133333333334,4545,0.5,5983
2025-01-13 20:34:42,438,0,37.958,4552,0.6666666666666666,5984
2025-01-13 20:34:43,438,0,37.838,4552,0.8333333333333334,5984
2025-01-13 20:34:44,478,0,37.82783333333333,4552,1.0,5986
2025-01-13 20:34:45,438,0,37.94233333333335,4552,0.8333333333333334,5986
2025-01-13 20:34:46,438,0,37.97883333333333,4545,0.5,5987
2025-01-13 20:34:47,438,0,37.9475,4545,1.0,5987
2025-01-13 20:34:48,438,0,37.874500000000005,4552,0.8333333333333334,5987
2025-01-13 20:34:49,438,0,37.8955,4552,0.6666666666666666,5987
2025-01-13 20:34:50,438,0,37.94233333333333,4545,0.5,5987
2025-01-13 20:34:51,438,0,37.838166666666666,4545,0.6666666666666666,5985
2025-01-13 20:34:52,438,0,37.90583333333333,4552,1.0,5985
2025-01-13 20:34:53,438,0,38.03116666666667,4552,0.5,5986
2025-01-13 20:34:54,438,0,37.95816666666667,4552,0.5,5986
2025-01-13 20:34:55,438,0,37.854000000000006,4552,0.3333333333333333,5986
2025-01-13 20:34:56,438,0,37.90583333333333,4552,0.5,5986
2025-01-13 20:34:57,438,0,37.87983333333333,4552,1.0,5987
2025-01-13 20:34:58,438,0,37.890166666666666,4552,0.5,5987
2025-01-13 20:34:59,438,0,37.8955,4552,0.6666666666666666,5987
2025-01-13 20:35:00,438,0,37.86416666666667,4552,0.6666666666666666,5987
2025-01-13 20:35:01,438,0,37.88516666666666,4545,0.3333333333333333,5987
2025-01-13 20:35:02,438,0,37.859,4545,0.5,5987
2025-01-13 20:35:03,438,0,37.916,4545,0.6666666666666666,5987
2025-01-13 20:35:04,438,0,37.885,4552,1.3333333333333333,5987
2025-01-13 20:35:05,438,0,37.90583333333333,4552,0.3333333333333333,5987
2025-01-13 20:35:06,438,0,37.932,4552,0.5,5987
2025-01-13 20:35:07,438,0,37.99433333333334,4552,0.3333333333333333,5988
2025-01-13 20:35:08,438,0,37.99433333333334,4552,0.3333333333333333,5988
2025-01-13 20:35:09,558,0,37.91616666666667,4672,10.166666666666666,5993
2025-01-13 20:35:10,478,0,37.854,4552,1.0,5993
2025-01-13 20:35:11,478,0,37.937000000000005,4552,0.8333333333333334,5993
2025-01-13 20:35:12,478,0,38.02583333333334,4552,1.1666666666666667,5993
2025-01-13 20:35:13,478,0,37.92133333333334,4592,0.8333333333333334,5993
2025-01-13 20:35:14,478,0,37.900666666666666,4592,2.0,5998
2025-01-13 20:35:15,478,0,37.885,4552,0.8333333333333334,5998
2025-01-13 20:35:16,438,0,38.01016666666667,4545,0.6666666666666666,5998
2025-01-13 20:35:17,438,0,37.95283333333334,4545,0.3333333333333333,5998
2025-01-13 20:35:18,438,0,37.9685,4545,0.5,5998
2025-01-13 20:35:19,438,0,37.947833333333335,4545,0.5,5998
2025-01-13 20:35:20,438,0,37.91116666666667,4552,0.5,5998
2025-01-13 20:35:21,438,0,37.95816666666667,4552,0.6666666666666666,5998
2025-01-13 20:35:22,438,0,37.87966666666667,4552,0.3333333333333333,5998
2025-01-13 20:35:23,438,0,37.96283333333334,4552,0.3333333333333333,5998
2025-01-13 20:35:24,438,0,38.005,4552,0.5,5998
2025-01-13 20:35:25,438,0,37.98916666666668,4552,0.8333333333333334,5998
2025-01-13 20:35:26,438,0,37.859166666666674,4545,0.3333333333333333,5998
2025-01-13 20:35:27,438,0,37.88516666666666,4545,1.0,5998
2025-01-13 20:35:28,478,0,37.92133333333334,4632,2.5,5997
2025-01-13 20:35:29,438,0,38.062000000000005,4545,0.5,5998
2025-01-13 20:35:30,478,0,37.80666666666667,4585,1.1666666666666667,5998
2025-01-13 20:35:31,438,0,37.83316666666667,4545,0.5,5998
2025-01-13 20:35:32,438,0,37.906,4545,0.5,5998
2025-01-13 20:35:33,438,0,38.01016666666666,4552,0.8333333333333334,5998
2025-01-13 20:35:34,438,0,37.81216666666668,4552,1.0,5998
2025-01-13 20:35:35,438,0,37.885,4545,0.8333333333333334,5998
2025-01-13 20:35:36,438,0,37.953,4545,0.8333333333333334,5998
2025-01-13 20:35:37,438,0,37.8485,4545,0.8333333333333334,5998
2025-01-13 20:35:38,438,0,37.92133333333334,4552,0.6666666666666666,5998
2025-01-13 20:35:39,438,0,37.864333333333335,4545,0.3333333333333333,5998
2025-01-13 20:35:40,438,0,37.91616666666667,4552,0.5,5998
2025-01-13 20:35:41,438,0,37.92166666666667,4545,0.6666666666666666,5998
2025-01-13 20:35:42,478,0,37.8435,4545,0.5,5998
2025-01-13 20:35:43,478,0,37.8905,4545,0.6666666666666666,5998
2025-01-13 20:35:44,478,0,37.90583333333334,4552,0.8333333333333334,5998
2025-01-13 20:35:45,478,0,37.911,4592,1.0,5998
2025-01-13 20:35:46,478,0,37.9375,4585,0.6666666666666666,5998
2025-01-13 20:35:47,478,0,37.8175,4545,0.6666666666666666,5999
2025-01-13 20:35:48,478,0,37.8485,4585,0.6666666666666666,5999
2025-01-13 20:35:49,518,0,37.900666666666666,4665,1.1666666666666667,6002
2025-01-13 20:35:50,1036,0,37.96833333333333,5431,20.33333333333333,6018
2025-01-13 20:35:51,1275,0,38.05683333333334,5670,18.5,6045
2025-01-13 20:35:52,956,0,38.01533333333333,5311,14.166666666666666,6070
2025-01-13 20:35:53,518,0,37.98416666666667,4625,1.1666666666666667,6066
2025-01-13 20:35:54,478,0,37.92166666666666,4552,0.5,6066
2025-01-13 20:35:55,478,0,38.03633333333334,4585,0.6666666666666666,6066
2025-01-13 20:35:56,478,0,37.99433333333334,4545,0.6666666666666666,6066
2025-01-13 20:35:57,478,0,37.9475,4545,0.5,6066
2025-01-13 20:35:58,478,0,37.94233333333333,4585,0.6666666666666666,6067
2025-01-13 20:35:59,478,0,37.86933333333334,4545,0.3333333333333333,6067
2025-01-13 20:36:00,478,0,37.98916666666667,4545,0.5,6067
2025-01-13 20:36:01,478,9,38.025666666666666,4592,1.0,6067
2025-01-13 20:36:02,478,0,38.08283333333333,4552,0.3333333333333333,6067
2025-01-13 20:36:03,478,0,37.885,4585,0.6666666666666666,6062
2025-01-13 20:36:04,478,0,37.906000000000006,4552,0.3333333333333333,6062
2025-01-13 20:36:05,478,0,37.93216666666667,4545,0.6666666666666666,6062
2025-01-13 20:36:06,478,0,37.91633333333334,4545,0.6666666666666666,6062
2025-01-13 20:36:07,478,0,37.932,4545,0.6666666666666666,6062
2025-01-13 20:36:08,478,0,37.9215,4545,0.3333333333333333,6062
2025-01-13 20:36:09,478,0,37.86416666666667,4545,0.5,6062
2025-01-13 20:36:10,478,0,37.885,4545,0.6666666666666666,6062
2025-01-13 20:36:11,478,0,37.926833333333335,4592,1.1666666666666667,6062
2025-01-13 20:36:12,478,0,38.005,4545,0.5,6062
2025-01-13 20:36:13,478,0,37.937000000000005,4552,0.5,6063
2025-01-13 20:36:14,478,0,37.88516666666666,4545,1.0,6063
2025-01-13 20:36:15,478,0,37.85383333333333,4552,0.5,6063
2025-01-13 20:36:16,438,0,37.900666666666666,4552,0.3333333333333333,6063
2025-01-13 20:36:17,438,0,37.94216666666667,4545,0.8333333333333334,6063
2025-01-13 20:36:18,438,0,37.890166666666666,4545,0.5,6063
2025-01-13 20:36:19,478,0,38.0415,4545,0.8333333333333334,6063
2025-01-13 20:36:20,478,0,37.94233333333333,4552,1.0,6063
2025-01-13 20:36:21,438,0,37.88,4545,0.8333333333333334,6063
2025-01-13 20:36:22,478,0,37.9425,4552,0.5,6063
2025-01-13 20:36:23,478,0,37.984,4592,2.0,6063
2025-01-13 20:36:24,478,0,37.9425,4552,0.6666666666666666,6063
2025-01-13 20:36:25,478,0,37.95783333333333,4552,0.6666666666666666,6064
2025-01-13 20:36:26,438,0,37.86433333333334,4552,0.3333333333333333,6064
2025-01-13 20:36:27,438,0,37.963166666666666,4552,0.5,6064
2025-01-13 20:36:28,438,0,38.00483333333333,4552,0.5,6064
2025-01-13 20:36:29,438,0,38.01,4552,0.5,6064
2025-01-13 20:36:30,438,0,37.87466666666666,4552,0.6666666666666666,6064
2025-01-13 20:36:31,438,0,37.90083333333334,4545,0.3333333333333333,6064
2025-01-13 20:36:32,438,0,37.95816666666666,4552,0.8333333333333334,6064
2025-01-13 20:36:33,438,0,37.999833333333335,4545,0.6666666666666666,6064
2025-01-13 20:36:34,438,0,37.90583333333333,4552,0.6666666666666666,6064
2025-01-13 20:36:35,438,0,37.85383333333333,4552,0.8333333333333334,6064
2025-01-13 20:36:36,438,0,37.98416666666667,4552,0.6666666666666666,6064
2025-01-13 20:36:37,438,0,37.97366666666667,4552,0.5,6064
2025-01-13 20:36:38,438,0,37.874833333333335,4545,0.5,6065
2025-01-13 20:36:39,438,0,38.05166666666667,4545,0.5,6065
2025-01-13 20:36:40,438,0,37.83316666666666,4545,0.5,6065
2025-01-13 20:36:41,438,0,37.833,4545,0.6666666666666666,6065
2025-01-13 20:36:42,438,0,38.00983333333334,4552,0.5,6065
2025-01-13 20:36:43,438,0,38.01533333333333,4552,0.8333333333333334,6065
2025-01-13 20:36:44,438,0,37.921666666666674,4552,0.6666666666666666,6065
2025-01-13 20:36:45,438,0,37.89033333333333,4552,0.6666666666666666,6065
2025-01-13 20:36:46,438,0,37.927,4545,1.1666666666666667,6065
2025-01-13 20:36:47,438,0,37.81716666666667,4552,0.3333333333333333,6065
2025-01-13 20:36:48,438,0,37.916500000000006,4545,1.0,6065
2025-01-13 20:36:49,438,0,37.94233333333333,4552,0.5,6065
2025-01-13 20:36:50,438,0,37.8435,4552,0.6666666666666666,6065
2025-01-13 20:36:51,438,0,37.874500000000005,4552,0.6666666666666666,6065
2025-01-13 20:36:52,438,0,37.91116666666667,4545,0.6666666666666666,6065
2025-01-13 20:36:53,438,0,37.98916666666667,4545,0.3333333333333333,6065
2025-01-13 20:36:54,438,0,37.83833333333334,4545,0.8333333333333334,6065
2025-01-13 20:36:55,438,0,37.8485,4545,0.8333333333333334,6065
2025-01-13 20:36:56,438,0,37.921666666666674,4545,0.6666666666666666,6065
2025-01-13 20:36:57,438,0,37.874833333333335,4545,0.5,6065
2025-01-13 20:36:58,438,0,37.88516666666666,4545,1.0,6065
2025-01-13 20:36:59,438,0,37.86433333333333,4545,0.3333333333333333,6065
2025-01-13 20:37:00,438,0,37.97366666666667,4545,0.5,6065
2025-01-13 20:37:01,438,0,37.92150000000001,4545,0.6666666666666666,6065
2025-01-13 20:37:02,438,0,37.84866666666667,4545,1.0,6065
2025-01-13 20:37:03,438,0,37.932,4545,0.5,6065
2025-01-13 20:37:04,438,0,37.81716666666667,4545,0.6666666666666666,6060
2025-01-13 20:37:05,438,0,37.953,4545,0.5,6061
2025-01-13 20:37:06,438,0,37.93683333333334,4545,0.6666666666666666,6062
2025-01-13 20:37:07,438,0,37.83316666666667,4552,0.3333333333333333,6062
2025-01-13 20:37:08,438,0,37.84333333333333,4545,0.8333333333333334,6062
2025-01-13 20:37:09,438,0,37.916500000000006,4545,0.5,6062
2025-01-13 20:37:10,438,0,38.062333333333335,4545,0.5,6063
2025-01-13 20:37:11,438,0,37.93183333333334,4545,0.8333333333333334,6063
2025-01-13 20:37:12,438,0,37.87466666666666,4545,0.8333333333333334,6063
2025-01-13 20:37:13,438,0,37.88483333333334,4545,0.5,6063
2025-01-13 20:37:14,478,0,37.90083333333334,4545,0.8333333333333334,6061
2025-01-13 20:37:15,438,0,37.97883333333333,4545,0.5,6062
2025-01-13 20:37:16,438,0,37.968500000000006,4512,0.5,6062
2025-01-13 20:37:17,438,0,37.885,4505,0.5,6062
2025-01-13 20:37:18,438,0,37.9215,4545,0.5,6062
2025-01-13 20:37:19,438,0,37.979000000000006,4545,0.5,6063
2025-01-13 20:37:20,438,0,37.84866666666667,4545,0.6666666666666666,6063
2025-01-13 20:37:21,438,0,37.92666666666667,4545,0.5,6063
2025-01-13 20:37:22,438,0,37.93716666666666,4545,0.8333333333333334,6063
2025-01-13 20:37:23,438,0,37.838166666666666,4545,0.5,6064
2025-01-13 20:37:24,438,0,37.859,4545,0.5,6064
2025-01-13 20:37:25,438,0,37.9685,4545,0.3333333333333333,6064
2025-01-13 20:37:26,438,0,37.87983333333333,4505,0.5,6064
2025-01-13 20:37:27,438,0,37.94233333333333,4552,0.6666666666666666,6064
2025-01-13 20:37:28,438,0,37.89033333333334,4545,0.6666666666666666,6064
2025-01-13 20:37:29,438,0,37.937000000000005,4552,1.0,6064
2025-01-13 20:37:30,438,0,37.90583333333333,4545,0.8333333333333334,6065
2025-01-13 20:37:31,438,0,37.900666666666666,4552,0.6666666666666666,6065
2025-01-13 20:37:32,438,0,37.9425,4552,0.5,6066
2025-01-13 20:37:33,438,0,37.91633333333333,4552,0.6666666666666666,6066
2025-01-13 20:37:34,438,0,37.98933333333334,4545,0.5,6066
2025-01-13 20:37:35,438,0,37.8695,4545,0.8333333333333334,6066
2025-01-13 20:37:36,438,0,37.8695,4545,0.8333333333333334,6066
2025-01-13 20:37:37,438,0,37.9685,4545,0.5,6066
2025-01-13 20:37:38,438,0,37.97366666666667,4545,0.5,6066
2025-01-13 20:37:39,438,0,37.900666666666666,4552,0.5,6066
2025-01-13 20:37:40,438,0,37.91116666666667,4552,0.3333333333333333,6066
2025-01-13 20:37:41,438,0,37.910833333333336,4552,0.5,6066
2025-01-13 20:37:42,438,0,37.95283333333333,4552,0.5,6066
2025-01-13 20:37:43,438,0,37.979,4552,1.0,6066
2025-01-13 20:37:44,438,0,37.885,4552,0.5,6066
2025-01-13 20:37:45,438,0,37.87983333333333,4552,0.5,6066
2025-01-13 20:37:46,438,0,38.03616666666667,4545,0.3333333333333333,6066
2025-01-13 20:37:47,438,0,38.031000000000006,4552,0.6666666666666666,6066
2025-01-13 20:37:48,438,0,37.8695,4545,0.6666666666666666,6066
2025-01-13 20:37:49,438,0,37.900666666666666,4552,0.8333333333333334,6066
2025-01-13 20:37:50,438,0,37.999833333333335,4545,0.3333333333333333,6066
2025-01-13 20:37:51,438,0,37.895500000000006,4545,0.6666666666666666,6066
2025-01-13 20:37:52,438,0,37.8955,4545,0.3333333333333333,6066
2025-01-13 20:37:53,438,0,37.91116666666667,4545,0.6666666666666666,6066
2025-01-13 20:37:54,438,0,37.97366666666667,4552,0.1666666666666666,6066
2025-01-13 20:37:55,438,0,37.91116666666667,4545,0.6666666666666666,6066
2025-01-13 20:37:56,438,0,37.87983333333333,4552,0.5,6066
2025-01-13 20:37:57,438,0,37.968500000000006,4545,0.5,6066
2025-01-13 20:37:58,438,0,38.0155,4552,0.3333333333333333,6066
2025-01-13 20:37:59,438,0,37.999833333333335,4552,0.6666666666666666,6066
2025-01-13 20:38:00,438,0,38.01,4552,0.3333333333333333,6066
2025-01-13 20:38:01,438,0,38.03616666666667,4552,0.8333333333333334,6066
2025-01-13 20:38:02,438,0,37.95783333333333,4552,0.5,6067
2025-01-13 20:38:03,438,0,37.90583333333333,4552,0.6666666666666666,6067
2025-01-13 20:38:04,438,0,37.8955,4552,0.6666666666666666,6067
2025-01-13 20:38:05,478,0,37.8695,4552,0.6666666666666666,6067
2025-01-13 20:38:06,438,0,37.9215,4552,0.5,6067
2025-01-13 20:38:07,478,0,37.859,4552,0.8333333333333334,6067
2025-01-13 20:38:08,478,0,37.86933333333334,4545,0.5,6067
2025-01-13 20:38:09,478,0,37.9425,4545,0.5,6067
2025-01-13 20:38:10,478,0,37.82783333333333,4585,0.8333333333333334,6067
2025-01-13 20:38:11,478,0,37.90066666666667,4585,0.3333333333333333,6067
2025-01-13 20:38:12,478,0,37.890166666666666,4592,1.0,6067
2025-01-13 20:38:13,478,0,37.88516666666667,4552,0.6666666666666666,6067
2025-01-13 20:38:14,478,0,37.94233333333333,4592,0.3333333333333333,6067
2025-01-13 20:38:15,478,0,37.859,4592,0.8333333333333334,6067
2025-01-13 20:38:16,478,0,37.93183333333334,4592,0.5,6061
2025-01-13 20:38:17,478,0,37.963,4552,0.6666666666666666,6061
2025-01-13 20:38:18,478,0,37.82783333333334,4552,0.3333333333333333,6061
2025-01-13 20:38:19,478,0,37.83833333333333,4552,0.6666666666666666,6061
2025-01-13 20:38:20,478,0,37.87983333333333,4592,0.5,6062
2025-01-13 20:38:21,478,0,38.06733333333333,4545,1.5,6062
2025-01-13 20:38:22,478,0,37.9425,4545,0.6666666666666666,6062
2025-01-13 20:38:23,478,0,37.900666666666666,4552,0.5,6062
2025-01-13 20:38:24,478,0,37.93166666666667,4552,0.8333333333333334,6062
2025-01-13 20:38:25,478,0,37.88,4592,1.5,6062
2025-01-13 20:38:26,478,0,37.96316666666667,4552,0.5,6061
2025-01-13 20:38:27,478,0,37.963166666666666,4552,0.5,6061
2025-01-13 20:38:28,478,0,38.0465,4552,0.8333333333333334,6061
2025-01-13 20:38:29,438,0,37.89533333333333,4552,0.6666666666666666,6061
2025-01-13 20:38:30,478,0,37.958000000000006,4552,0.8333333333333334,6061
2025-01-13 20:38:31,478,0,38.03083333333333,4552,0.6666666666666666,6062
2025-01-13 20:38:32,478,0,37.8955,4545,0.6666666666666666,6062
2025-01-13 20:38:33,478,0,37.88016666666667,4552,0.5,6062
2025-01-13 20:38:34,438,0,37.96833333333333,4552,0.6666666666666666,6062
2025-01-13 20:38:35,438,0,37.98916666666667,4552,0.5,6063
2025-01-13 20:38:36,478,0,37.911166666666674,4592,0.8333333333333334,6063
2025-01-13 20:38:37,438,0,37.8435,4545,0.6666666666666666,6063
2025-01-13 20:38:38,438,0,38.05166666666667,4552,0.6666666666666666,6063
2025-01-13 20:38:39,438,0,37.812000000000005,4552,0.3333333333333333,6063
2025-01-13 20:38:40,438,0,37.838166666666666,4552,0.5,6063
2025-01-13 20:38:41,438,0,37.890166666666666,4552,0.3333333333333333,6064
2025-01-13 20:38:42,438,0,37.91633333333333,4552,0.5,6064
2025-01-13 20:38:43,438,0,37.86433333333334,4552,0.5,6064
2025-01-13 20:38:44,438,0,37.874500000000005,4552,0.5,6064
2025-01-13 20:38:45,438,0,37.895500000000006,4552,0.6666666666666666,6064
2025-01-13 20:38:46,438,0,37.786,4552,0.6666666666666666,6064
2025-01-13 20:38:47,438,0,37.812000000000005,4552,0.5,6064
2025-01-13 20:38:48,478,0,37.94216666666667,4545,0.3333333333333333,6064
2025-01-13 20:38:49,438,0,37.81733333333333,4552,1.0,6064
2025-01-13 20:38:50,438,0,37.859,4545,0.3333333333333333,6064
2025-01-13 20:38:51,438,0,37.937000000000005,4552,0.8333333333333334,6064
2025-01-13 20:38:52,478,0,37.94233333333333,4552,0.5,6064
2025-01-13 20:38:53,438,0,37.87466666666666,4545,0.5,6064
2025-01-13 20:38:54,438,0,37.8485,4552,0.3333333333333333,6064
2025-01-13 20:38:55,438,0,37.92683333333333,4545,0.5,6064
2025-01-13 20:38:56,438,0,37.92683333333333,4545,0.6666666666666666,6064
2025-01-13 20:38:57,438,0,37.91616666666667,4552,0.5,6064
2025-01-13 20:38:58,438,0,37.8695,4545,0.6666666666666666,6065
2025-01-13 20:38:59,438,0,37.864333333333335,4545,0.3333333333333333,6065
2025-01-13 20:39:00,438,0,37.937000000000005,4545,0.6666666666666666,6065
2025-01-13 20:39:01,478,0,37.963166666666666,4545,1.1666666666666667,6065
2025-01-13 20:39:02,438,0,37.9895,4552,0.5,6065
2025-01-13 20:39:03,438,0,37.92133333333334,4545,0.5,6065
2025-01-13 20:39:04,438,0,37.958,4552,0.3333333333333333,6065
2025-01-13 20:39:05,438,0,37.93200000000001,4552,0.3333333333333333,6065
2025-01-13 20:39:06,438,0,37.88,4552,0.8333333333333334,6065
2025-01-13 20:39:07,438,0,37.906000000000006,4545,0.5,6065
2025-01-13 20:39:08,438,0,37.890166666666666,4545,0.5,6065
2025-01-13 20:39:09,438,0,37.9475,4552,0.6666666666666666,6066
2025-01-13 20:39:10,438,0,38.03616666666667,4552,0.3333333333333333,6066
2025-01-13 20:39:11,478,0,37.85383333333333,4552,1.0,6066
2025-01-13 20:39:12,438,0,37.859,4545,0.6666666666666666,6066
2025-01-13 20:39:13,438,0,38.005,4545,0.6666666666666666,6066
2025-01-13 20:39:14,438,0,38.077666666666666,4545,0.5,6066
2025-01-13 20:39:15,438,0,37.848666666666674,4545,0.5,6066
2025-01-13 20:39:16,438,0,37.874500000000005,4545,0.6666666666666666,6066
2025-01-13 20:39:17,438,0,37.895500000000006,4545,0.3333333333333333,6066
2025-01-13 20:39:18,438,0,37.80716666666667,4545,0.8333333333333334,6067
2025-01-13 20:39:19,438,0,37.94216666666667,4545,0.8333333333333334,6067
2025-01-13 20:39:20,438,0,37.91100000000001,4545,0.5,6067
2025-01-13 20:39:21,478,0,37.843500000000006,4592,1.0,6068
2025-01-13 20:39:22,438,0,37.8535,4545,0.5,6068
2025-01-13 20:39:23,438,0,37.885,4552,0.5,6068
2025-01-13 20:39:24,438,0,37.95816666666667,4552,0.8333333333333334,6068
2025-01-13 20:39:25,438,0,37.911,4552,0.6666666666666666,6069
2025-01-13 20:39:26,438,0,37.85883333333334,4512,0.8333333333333334,6069
2025-01-13 20:39:27,438,0,37.94266666666667,4545,0.3333333333333333,6062
2025-01-13 20:39:28,438,0,37.906,4545,0.6666666666666666,6063
2025-01-13 20:39:29,438,0,37.90083333333333,4552,0.5,6063
2025-01-13 20:39:30,438,0,37.9425,4545,0.3333333333333333,6064
2025-01-13 20:39:31,438,0,37.91116666666667,4512,0.8333333333333334,6064
2025-01-13 20:39:32,438,0,37.9215,4552,0.3333333333333333,6064
2025-01-13 20:39:33,438,0,37.937000000000005,4545,0.5,6064
2025-01-13 20:39:34,438,0,37.93716666666667,4545,0.5,6064
2025-01-13 20:39:35,438,0,37.989333333333335,4545,0.6666666666666666,6064
2025-01-13 20:39:36,438,0,37.968500000000006,4505,0.5,6064
2025-01-13 20:39:37,438,0,37.84333333333333,4545,0.5,6061
2025-01-13 20:39:38,438,0,37.963166666666666,4505,0.6666666666666666,6062
2025-01-13 20:39:39,438,0,38.005,4552,1.0,6063
2025-01-13 20:39:40,438,0,37.82750000000001,4545,0.3333333333333333,6063
2025-01-13 20:39:41,438,0,37.90583333333333,4545,0.8333333333333334,6064
2025-01-13 20:39:42,438,0,37.937000000000005,4545,0.3333333333333333,6064
2025-01-13 20:39:43,438,0,37.93183333333334,4552,0.6666666666666666,6064
2025-01-13 20:39:44,438,0,37.984166666666674,4552,0.5,6064
2025-01-13 20:39:45,438,0,37.8485,4552,0.5,6065
2025-01-13 20:39:46,438,0,37.838166666666666,4552,0.6666666666666666,6065
2025-01-13 20:39:47,438,0,37.96816666666667,4552,0.6666666666666666,6065
2025-01-13 20:39:48,438,0,38.025666666666666,4545,0.3333333333333333,6065
2025-01-13 20:39:49,438,0,37.85383333333334,4545,0.5,6065
2025-01-13 20:39:50,438,0,37.906,4552,1.5,6065
2025-01-13 20:39:51,438,0,38.02033333333333,4552,0.5,6065
2025-01-13 20:39:52,438,0,37.94233333333333,4552,0.5,6065
2025-01-13 20:39:53,438,0,37.9425,4552,0.6666666666666666,6066
2025-01-13 20:39:54,438,0,37.92683333333333,4545,0.5,6066
2025-01-13 20:39:55,438,0,37.96866666666667,4505,0.6666666666666666,6066
2025-01-13 20:39:56,438,0,37.86933333333334,4545,0.8333333333333334,6066
2025-01-13 20:39:57,438,0,37.98933333333333,4552,0.5,6066
2025-01-13 20:39:58,438,0,37.8485,4545,0.5,6066
2025-01-13 20:39:59,438,0,37.8695,4545,0.8333333333333334,6066
2025-01-13 20:40:00,438,0,37.8695,4545,0.8333333333333334,6066
2025-01-13 20:40:01,558,0,37.98933333333333,4665,8.666666666666666,6072
2025-01-13 20:40:02,478,0,37.81733333333333,4545,0.8333333333333334,6072
2025-01-13 20:40:03,438,0,37.827666666666666,4545,0.6666666666666666,6072
2025-01-13 20:40:04,438,0,37.937333333333335,4545,0.6666666666666666,6072
2025-01-13 20:40:05,438,0,37.85366666666667,4552,0.3333333333333333,6072
2025-01-13 20:40:06,438,0,37.9215,4545,0.6666666666666666,6072
2025-01-13 20:40:07,438,0,37.86916666666667,4545,0.5,6072
2025-01-13 20:40:08,438,0,37.859,4545,0.6666666666666666,6072
2025-01-13 20:40:09,438,0,37.90083333333334,4545,0.5,6072
2025-01-13 20:40:10,438,0,37.885,4545,0.6666666666666666,6072
2025-01-13 20:40:11,438,0,37.85383333333333,4545,1.0,6072
2025-01-13 20:40:12,438,0,37.911,4545,0.6666666666666666,6072
2025-01-13 20:40:13,478,0,37.98933333333333,4545,1.1666666666666667,6072
2025-01-13 20:40:14,438,0,37.8485,4545,0.6666666666666666,6072
2025-01-13 20:40:15,478,0,37.84866666666667,4545,0.6666666666666666,6073
2025-01-13 20:40:16,438,0,37.979000000000006,4545,0.3333333333333333,6073
2025-01-13 20:40:17,438,0,37.93166666666667,4545,0.6666666666666666,6073
2025-01-13 20:40:18,438,0,37.92166666666667,4545,0.8333333333333334,6073
2025-01-13 20:40:19,438,0,37.911,4545,0.3333333333333333,6073
2025-01-13 20:40:20,438,0,37.83833333333333,4545,0.6666666666666666,6073
2025-01-13 20:40:21,438,0,37.91116666666667,4545,0.5,6073
2025-01-13 20:40:22,438,0,37.95283333333333,4545,1.1666666666666667,6073
2025-01-13 20:40:23,438,0,37.848666666666674,4552,1.3333333333333333,6073
2025-01-13 20:40:24,438,0,37.84333333333333,4552,0.5,6073
2025-01-13 20:40:25,438,0,37.932,4545,0.8333333333333334,6073
2025-01-13 20:40:26,438,0,37.93183333333334,4545,1.3333333333333333,6073
2025-01-13 20:40:27,438,0,37.874500000000005,4545,0.6666666666666666,6073
2025-01-13 20:40:28,438,0,37.937333333333335,4545,0.6666666666666666,6073
2025-01-13 20:40:29,438,0,37.81216666666668,4545,0.3333333333333333,6073
2025-01-13 20:40:30,438,0,37.9475,4545,1.1666666666666667,6073
2025-01-13 20:40:31,438,0,38.005,4545,0.6666666666666666,6073
2025-01-13 20:40:32,438,0,37.78633333333334,4545,0.6666666666666666,6073
2025-01-13 20:40:33,438,0,37.89000000000001,4545,0.5,6073
2025-01-13 20:40:34,478,0,37.86416666666667,4545,0.5,6073
2025-01-13 20:40:35,478,0,38.015166666666666,4545,0.3333333333333333,6073
2025-01-13 20:40:36,478,0,37.807,4545,0.6666666666666666,6073
2025-01-13 20:40:37,478,0,37.82266666666666,4585,0.3333333333333333,6074
2025-01-13 20:40:38,478,0,37.93183333333334,4545,0.8333333333333334,6074
2025-01-13 20:40:39,677,0,37.92683333333333,4944,12.833333333333334,6075
2025-01-13 20:40:40,518,0,37.984,4704,2.5,6076
2025-01-13 20:40:41,837,0,37.958,5191,20.33333333333333,6078
2025-01-13 20:40:42,837,0,37.96866666666667,5191,22.33333333333333,6078
2025-01-13 20:40:43,1076,0,38.077666666666666,5511,19.5,6089
2025-01-13 20:40:44,598,0,37.95283333333333,4792,7.333333333333333,6086
2025-01-13 20:40:45,478,0,37.9475,4592,0.5,6086
2025-01-13 20:40:46,478,0,37.93216666666667,4585,0.5,6086
2025-01-13 20:40:47,478,0,37.9945,4592,0.3333333333333333,6087
2025-01-13 20:40:48,478,0,37.88516666666666,4585,0.6666666666666666,6087
2025-01-13 20:40:49,478,0,37.94766666666667,4585,1.0,6087
2025-01-13 20:40:50,478,0,37.99433333333334,4585,0.5,6079
2025-01-13 20:40:51,478,0,38.0155,4545,0.3333333333333333,6079
2025-01-13 20:40:52,478,0,38.062000000000005,4592,0.8333333333333334,6079
2025-01-13 20:40:53,478,0,37.85883333333334,4592,0.8333333333333334,6080
2025-01-13 20:40:54,478,0,37.9685,4552,0.5,6080
2025-01-13 20:40:55,478,0,37.95283333333333,4545,0.5,6080
2025-01-13 20:40:56,478,0,37.87983333333333,4545,0.5,6080
2025-01-13 20:40:57,478,0,37.963166666666666,4545,0.6666666666666666,6080
2025-01-13 20:40:58,478,0,37.963,4545,0.8333333333333334,6080
2025-01-13 20:40:59,478,0,37.958,4545,0.5,6080
2025-01-13 20:41:00,478,0,37.85366666666667,4552,0.3333333333333333,6080
2025-01-13 20:41:01,478,0,37.9425,4592,0.6666666666666666,6080
2025-01-13 20:41:02,478,0,37.95283333333334,4585,0.8333333333333334,6080
2025-01-13 20:41:03,478,0,38.015166666666666,4545,0.8333333333333334,6080
2025-01-13 20:41:04,478,0,37.84883333333334,4552,0.5,6080
2025-01-13 20:41:05,478,0,37.93183333333334,4552,0.5,6080
2025-01-13 20:41:06,478,0,37.89033333333333,4545,0.3333333333333333,6081
2025-01-13 20:41:07,478,0,37.906000000000006,4545,0.6666666666666666,6081
2025-01-13 20:41:08,478,0,37.89033333333334,4545,0.3333333333333333,6081
2025-01-13 20:41:09,478,0,38.01,4545,0.5,6081
2025-01-13 20:41:10,478,0,37.900666666666666,4545,0.3333333333333333,6081
2025-01-13 20:41:11,478,0,37.90583333333333,4592,1.0,6081
2025-01-13 20:41:12,478,0,37.9475,4592,1.1666666666666667,6081
2025-01-13 20:41:13,478,0,37.86416666666667,4552,1.0,6081
2025-01-13 20:41:14,478,0,37.911,4552,0.6666666666666666,6081
2025-01-13 20:41:15,478,0,37.9685,4545,0.8333333333333334,6081
2025-01-13 20:41:16,478,0,37.9265,4545,0.8333333333333334,6082
2025-01-13 20:41:17,438,0,37.92133333333334,4545,0.5,6082
2025-01-13 20:41:18,438,0,37.88,4545,0.5,6082
2025-01-13 20:41:19,478,0,37.91616666666667,4545,0.8333333333333334,6082
2025-01-13 20:41:20,438,0,37.952666666666666,4545,0.6666666666666666,6082
2025-01-13 20:41:21,438,0,37.9475,4545,0.6666666666666666,6082
2025-01-13 20:41:22,478,0,37.87466666666666,4585,1.0,6082
2025-01-13 20:41:23,438,0,37.8695,4545,0.8333333333333334,6082
2025-01-13 20:41:24,438,0,37.97366666666667,4545,0.6666666666666666,6082
2025-01-13 20:41:25,438,0,37.95283333333333,4545,1.1666666666666667,6082
2025-01-13 20:41:26,438,0,37.96816666666667,4545,0.5,6082
2025-01-13 20:41:27,438,0,37.93716666666666,4545,0.5,6082
2025-01-13 20:41:28,438,0,37.86916666666667,4545,0.6666666666666666,6082
2025-01-13 20:41:29,438,0,37.95783333333333,4545,0.5,6083
2025-01-13 20:41:30,438,0,38.00483333333333,4545,0.6666666666666666,6083
2025-01-13 20:41:31,438,0,38.02033333333333,4545,0.6666666666666666,6083
2025-01-13 20:41:32,478,0,37.932,4585,1.0,6083
2025-01-13 20:41:33,438,0,37.973333333333336,4545,0.5,6083
2025-01-13 20:41:34,438,0,37.9475,4545,0.5,6083
2025-01-13 20:41:35,438,0,37.86416666666667,4552,0.8333333333333334,6083
2025-01-13 20:41:36,438,0,37.99433333333334,4545,0.5,6083
2025-01-13 20:41:37,438,0,38.036,4552,0.5,6083
2025-01-13 20:41:38,438,0,37.87966666666667,4545,0.6666666666666666,6083
2025-01-13 20:41:39,438,0,38.031,4552,0.5,6083
2025-01-13 20:41:40,438,0,37.90066666666667,4552,0.5,6083
2025-01-13 20:41:41,438,0,37.87466666666666,4552,0.6666666666666666,6083
2025-01-13 20:41:42,478,0,38.04666666666667,4552,1.3333333333333333,6083
2025-01-13 20:41:43,438,0,37.94766666666666,4552,0.3333333333333333,6084
2025-01-13 20:41:44,438,0,37.97366666666667,4552,0.6666666666666666,6084
2025-01-13 20:41:45,438,0,38.036,4552,0.8333333333333334,6084
2025-01-13 20:41:46,438,0,37.885,4552,0.5,6084
2025-01-13 20:41:47,438,0,37.87466666666666,4552,0.6666666666666666,6084
2025-01-13 20:41:48,438,0,37.9945,4552,0.1666666666666666,6084
2025-01-13 20:41:49,438,0,37.90566666666667,4552,0.8333333333333334,6084
2025-01-13 20:41:50,438,0,37.89033333333333,4552,0.8333333333333334,6084
2025-01-13 20:41:51,438,0,37.91616666666667,4552,0.5,6079
2025-01-13 20:41:52,478,0,37.906,4552,1.0,6079
2025-01-13 20:41:53,438,0,37.91616666666667,4552,0.6666666666666666,6079
2025-01-13 20:41:54,438,0,37.9475,4552,0.8333333333333334,6079
2025-01-13 20:41:55,438,0,37.9215,4552,0.6666666666666666,6079
2025-01-13 20:41:56,438,0,37.8955,4552,0.8333333333333334,6079
2025-01-13 20:41:57,438,0,38.00483333333333,4552,0.5,6079
2025-01-13 20:41:58,438,0,37.906000000000006,4552,0.3333333333333333,6079
2025-01-13 20:41:59,438,0,37.89033333333334,4552,0.5,6079
2025-01-13 20:42:00,438,0,38.00483333333333,4545,0.8333333333333334,6079
2025-01-13 20:42:01,438,0,37.88516666666666,4552,0.8333333333333334,6077
2025-01-13 20:42:02,478,0,37.890166666666666,4552,1.1666666666666667,6078
2025-01-13 20:42:03,438,0,37.90083333333334,4552,0.6666666666666666,6078
2025-01-13 20:42:04,438,0,37.828,4552,1.0,6078
2025-01-13 20:42:05,438,0,37.890166666666666,4512,0.3333333333333333,6078
2025-01-13 20:42:06,438,0,37.91633333333333,4552,0.8333333333333334,6078
2025-01-13 20:42:07,438,0,37.96833333333333,4552,0.5,6078
2025-01-13 20:42:08,438,0,37.911,4545,0.1666666666666666,6078
2025-01-13 20:42:09,438,0,37.98383333333334,4552,0.5,6078
2025-01-13 20:42:10,438,0,37.97366666666667,4552,1.0,6078
2025-01-13 20:42:11,478,0,37.86933333333334,4545,1.1666666666666667,6078
2025-01-13 20:42:12,478,0,37.900666666666666,4545,0.8333333333333334,6079
2025-01-13 20:42:13,438,0,37.958,4545,0.3333333333333333,6079
2025-01-13 20:42:14,438,0,38.0415,4552,0.5,6079
2025-01-13 20:42:15,438,0,37.979000000000006,4552,0.6666666666666666,6079
2025-01-13 20:42:16,438,0,37.91116666666667,4545,1.0,6079
2025-01-13 20:42:17,438,0,37.885,4545,0.8333333333333334,6079
2025-01-13 20:42:18,438,0,37.94766666666667,4512,0.5,6079
2025-01-13 20:42:19,438,0,38.03083333333333,4545,0.5,6080
2025-01-13 20:42:20,438,0,38.005,4505,1.0,6080
2025-01-13 20:42:21,438,0,37.953,4545,0.6666666666666666,6080
2025-01-13 20:42:22,478,0,37.984,4545,2.5,6080
2025-01-13 20:42:23,438,0,38.015166666666666,4545,0.5,6080
2025-01-13 20:42:24,438,0,38.031,4552,0.8333333333333334,6080
2025-01-13 20:42:25,438,0,38.10383333333333,4545,0.5,6080
2025-01-13 20:42:26,438,0,37.968500000000006,4545,1.1666666666666667,6080
2025-01-13 20:42:27,438,0,37.968500000000006,4545,1.1666666666666667,6080
2025-01-13 20:42:28,438,0,37.973666666666674,4545,0.6666666666666666,6080
2025-01-13 20:42:29,438,0,37.94233333333333,4545,0.5,6080
2025-01-13 20:42:30,438,0,37.98933333333333,4545,1.5,6080
2025-01-13 20:42:31,438,0,37.93183333333334,4552,0.3333333333333333,6080
2025-01-13 20:42:32,438,0,38.08283333333333,4545,0.5,6081
2025-01-13 20:42:33,438,0,38.02066666666667,4545,0.5,6081
2025-01-13 20:42:34,438,0,37.99433333333334,4545,0.5,6081
2025-01-13 20:42:35,438,0,37.98383333333334,4545,0.6666666666666666,6081
2025-01-13 20:42:36,438,0,37.94233333333333,4545,0.6666666666666666,6081
2025-01-13 20:42:37,438,0,38.09333333333333,4545,0.8333333333333334,6081
2025-01-13 20:42:38,438,0,38.05183333333334,4545,0.3333333333333333,6081
2025-01-13 20:42:39,438,0,37.968500000000006,4545,0.6666666666666666,6081
2025-01-13 20:42:40,438,0,38.04116666666667,4545,1.0,6081
2025-01-13 20:42:41,438,0,38.062333333333335,4545,0.6666666666666666,6082
2025-01-13 20:42:42,438,0,37.97883333333333,4545,0.6666666666666666,6082
2025-01-13 20:42:43,478,0,38.0155,4552,0.8333333333333334,6082
2025-01-13 20:42:44,438,0,38.15583333333333,4552,0.6666666666666666,6082
2025-01-13 20:42:45,438,0,38.05166666666667,4552,0.5,6082
2025-01-13 20:42:46,438,0,38.088166666666666,4552,0.5,6082
2025-01-13 20:42:47,438,0,38.088166666666666,4552,0.3333333333333333,6082
2025-01-13 20:42:48,438,0,38.088166666666666,4552,0.6666666666666666,6082
2025-01-13 20:42:49,438,0,38.08833333333333,4545,0.5,6082
2025-01-13 20:42:50,438,0,38.04133333333333,4545,1.0,6082
2025-01-13 20:42:51,438,0,38.03066666666667,4545,0.6666666666666666,6082
2025-01-13 20:42:52,438,0,38.104000000000006,4545,0.8333333333333334,6082
2025-01-13 20:42:53,438,0,38.083,4552,0.6666666666666666,6082
2025-01-13 20:42:54,438,0,38.088166666666666,4545,0.6666666666666666,6082
2025-01-13 20:42:55,438,0,38.057,4552,1.0,6082
2025-01-13 20:42:56,438,0,38.11433333333334,4545,0.5,6082
2025-01-13 20:42:57,438,0,38.160833333333336,4545,0.5,6082
2025-01-13 20:42:58,438,0,38.0205,4552,0.6666666666666666,6083
2025-01-13 20:42:59,438,0,38.057,4545,0.8333333333333334,6083
2025-01-13 20:43:00,478,0,38.12466666666666,4585,0.6666666666666666,6083
2025-01-13 20:43:01,478,0,38.1975,4592,0.6666666666666666,6083
2025-01-13 20:43:02,478,0,38.0985,4592,0.6666666666666666,6083
2025-01-13 20:43:03,478,0,38.083,4592,1.1666666666666667,6079
2025-01-13 20:43:04,478,0,38.06733333333333,4552,0.5,6079
2025-01-13 20:43:05,478,0,38.01533333333334,4592,0.8333333333333334,6080
2025-01-13 20:43:06,478,0,38.11933333333334,4552,0.5,6080
2025-01-13 20:43:07,478,0,38.015166666666666,4552,0.3333333333333333,6080
2025-01-13 20:43:08,478,0,38.051833333333335,4592,1.0,6080
2025-01-13 20:43:09,478,0,38.1455,4552,0.3333333333333333,6080
2025-01-13 20:43:10,478,0,37.99966666666666,4592,0.8333333333333334,6080
2025-01-13 20:43:11,478,0,37.9735,4592,1.1666666666666667,6080
2025-01-13 20:43:12,478,0,38.08316666666666,4592,0.3333333333333333,6080
2025-01-13 20:43:13,478,0,38.06183333333334,4592,1.3333333333333333,6078
2025-01-13 20:43:14,478,0,38.046666666666674,4552,0.1666666666666666,6079
2025-01-13 20:43:15,478,0,38.06716666666667,4552,0.8333333333333334,6079
2025-01-13 20:43:16,478,0,38.124500000000005,4592,0.5,6079
2025-01-13 20:43:17,478,0,37.98916666666667,4545,0.3333333333333333,6079
2025-01-13 20:43:18,478,0,38.16116666666667,4545,0.8333333333333334,6079
2025-01-13 20:43:19,478,0,38.10916666666667,4545,0.6666666666666666,6079
2025-01-13 20:43:20,478,0,38.08316666666666,4545,1.1666666666666667,6079
2025-01-13 20:43:21,478,0,38.140166666666666,4552,0.6666666666666666,6079
2025-01-13 20:43:22,478,0,38.00466666666667,4552,0.6666666666666666,6079
2025-01-13 20:43:23,478,0,37.984,4545,1.1666666666666667,6080
2025-01-13 20:43:24,478,0,38.11433333333333,4552,0.5,6079
2025-01-13 20:43:25,438,0,38.088166666666666,4552,0.6666666666666666,6079
2025-01-13 20:43:26,478,0,37.95816666666667,4545,0.8333333333333334,6079
2025-01-13 20:43:27,478,0,38.02033333333333,4552,0.8333333333333334,6080
2025-01-13 20:43:28,438,0,38.1975,4545,0.3333333333333333,6080
2025-01-13 20:43:29,478,0,38.09316666666667,4545,0.8333333333333334,6080
2025-01-13 20:43:30,478,0,38.077666666666666,4552,0.6666666666666666,6080
2025-01-13 20:43:31,478,0,38.062000000000005,4552,0.5,6080
2025-01-13 20:43:32,478,0,38.0465,4545,1.0,6080
2025-01-13 20:43:33,478,0,37.99966666666668,4552,1.0,6080
2025-01-13 20:43:34,478,0,38.11416666666667,4552,0.8333333333333334,6081
2025-01-13 20:43:35,438,0,38.09866666666667,4552,0.6666666666666666,6081
2025-01-13 20:43:36,478,0,38.036166666666674,4552,0.3333333333333333,6081
2025-01-13 20:43:37,478,0,37.99450000000001,4552,0.6666666666666666,6081
2025-01-13 20:43:38,438,0,37.958,4552,0.3333333333333333,6081
2025-01-13 20:43:39,478,0,38.01,4552,0.5,6081
2025-01-13 20:43:40,478,0,38.062333333333335,4592,0.5,6081
2025-01-13 20:43:41,478,0,38.02066666666667,4545,1.0,6081
2025-01-13 20:43:42,478,0,38.015166666666666,4585,0.8333333333333334,6081
2025-01-13 20:43:43,478,0,38.04133333333333,4545,1.0,6081
2025-01-13 20:43:44,438,0,37.89033333333334,4552,0.6666666666666666,6081
2025-01-13 20:43:45,478,0,37.98400000000001,4552,0.6666666666666666,6081
2025-01-13 20:43:46,438,0,38.03066666666667,4545,0.5,6081
2025-01-13 20:43:47,438,0,37.89033333333333,4552,0.6666666666666666,6081
2025-01-13 20:43:48,438,0,37.94766666666667,4552,0.8333333333333334,6081
2025-01-13 20:43:49,478,0,38.00466666666667,4552,0.6666666666666666,6081
2025-01-13 20:43:50,438,0,37.958,4552,0.3333333333333333,6081
2025-01-13 20:43:51,438,0,37.92166666666667,4545,1.0,6081
2025-01-13 20:43:52,478,0,37.98383333333334,4545,1.0,6081
2025-01-13 20:43:53,478,0,38.00483333333333,4552,0.8333333333333334,6081
2025-01-13 20:43:54,438,0,37.963166666666666,4552,0.5,6081
2025-01-13 20:43:55,438,0,37.86416666666667,4545,0.6666666666666666,6081
2025-01-13 20:43:56,438,0,37.96333333333334,4545,0.8333333333333334,6081
2025-01-13 20:43:57,438,0,38.03633333333334,4545,0.3333333333333333,6081
2025-01-13 20:43:58,438,0,37.89033333333333,4545,0.6666666666666666,6081
2025-01-13 20:43:59,478,0,37.9475,4545,0.5,6081
2025-01-13 20:44:00,438,0,37.9735,4545,0.6666666666666666,6081
